Title,Author,Date,URL,Detail
“ሶሻል ሚዲያ ለበጎ” ካለፈው የቀጠለ በቀሲስ አስተርአየ ጽጌ,Meheret Setegn,"June 25, 2026",https://mereja.net/amharic/519312,“ሶሻል ሚዲያ ለበጎ”በሚል ርዕስ ቀሲስ አስተርአየ ጽጌ ከሁለት ሳምንታት ገደማ በፊት ባቀረቡት መጣጥፍ ወቅታዊ የቤተክርስቲያኒቱ ተግዳሮቶችና በምንስ መንገድ መውጫ እንዳለ በስፋት ግንዛቤ አስጨብጠዋል። ከዚሁ መጣጥፋቸው የቀጠለውን ማለትም ሁለተኛውን ክፍል እንደ አካዳሚ ወረቀት በብዙ ማጣቀሻዎች የተተነተነውን ጽሁፍ አቅርበንላችኋል።ጽሁፉን ለማንበብ እዚህ ላይ ይጫኑሶሻል ሚድያ ለበጎ ካለፈው የቀጠለ 
“ማኅበራዊ መገናኛ (Social Media) ለበጎ”?,Meheret Setegn,"June 13, 2026",https://mereja.net/amharic/519307,"“ማኅበራዊ መገናኛ (Social Media) ለበጎ”? በቀሲስ አስተርአየ ጽጌ ሰኔ ፭ ቀን ፳፻፲፰ ዓ.ም. (June 13, 2026) ሙሉውን የቀሲስን ጽሁፍ በፒ.ዲ.ኤፍ. ለማንበብ እዚህ ላይ ይጫኑማህበራዊ መገናኛ ለበጎ? የዚህች ጽሑፍ ምንጭ “ማኅበራዊ ሚድያ ለበጎ”  በሚል ርእስ ለሚዘጋጀው የውይይት መድረክ የተዘጋጀ የድርጊት ማስፈጸሚያ በኩረ አሳብ” በሚል ርእስ የካቲት 2018 ዓ/ም  በአዲስ አበባ ተዘጋጅቶ በውጭ ለሚኖሩት ለተመረጡ ጥቂት ካህናት መነጋገሪያ ሆኖ የቀርበው ይህ ሰነድ ነው፡፡ (ሰነዱን ለማንበብ ይህን ይጫኑ)፡፡ የሰነዱ ዋና ዓላማ “የውይይት መድረኩ በኦርቶዶክሳውያን የማሕበራዊ ሚድያ እውቀት በካህናት እና መምህራን መካከል መግባባትን አንድነትን ሕሊናነትንና ሞራላዊትን  በማሳደግ መኅበራዊ ሚድያ ለበጎ ነገር እንዴት “ዕቃ ጦር” ሆኖ ሊያገለግል እንደሚችል ለማሳየት ይጥራል” የሚል ነው፡፡ መርሀ ግብሩን የሚመሩት ሳይሆኑ ከተጋባዦች አንዱ ካህን እንድሳተፍ በግላቸው ጋብዘውኝ በጽሑፍም በቃልም የተካሄዱትን ውይይቶች ሶስት ጊዜ ሰማሁ፡፡ አላማው “በኦርቶዶክሳውያን ካህናትና መምህራን መካከል የማሕበራዊ ሚድያ እውቀት መግባባትን፣ አንድነትን፣ ሕሊናነትንና ሞራላዊነትን በማሳደግ መኅበራዊ ሚድያ ለበጎ ነገር እንዴት “ዕቃ ጦር”  ሆኖ ሊያገለግል እንደሚችል ለማሳየት ይጥራል” የሚለው አሁን በዚህ ጊዜ መቅረቡ ከዚህ ቀደም የተከሰቱትን ታሪካውያን ተመሳሳይ ክስተቶችን አስታወሰኝ፡፡ ያስታወስኳቸው ታሪካውያን ተመሳሳይ ክስተቶች በውስጣቸው የተሸከሟቸው ደባወች ከኛም ከህዝቡ የተሰውሩ ባስደራጊወች ብቻ የሚታወቁ ነበሩ፡፡ ዛሬም ባስደራጊወች  ብቻ የሚታወቁ ካድራጊወችና ከሚደረግበት ሕዝብ የተሰወሩ ደባወች እንደቀጠሉ ናቸው፡፡ አሁን “ሶሻል ሚድያ ለበጎ” ተብሎ የቀረበው ከዚህ በታች የማቀርባቸውን ታሪካውያን  ትዝታወች ቀሰቀሰብኝ፡፡ በማወቅም ባለማወቅም በጥልቅ ሳይገነዘቡ በተዘረጋው ወጥመድ እንዳይገቡ የማቀርበውን ማሳስቢያ የሚያስተባብል ስለማይጠፋ የማቀርባቸው ማስረጃውች  ከራሴ የመነጩ አለመሆናቸውን ለማሳየትና የራሴን ምስክርነት በአጥር ለመከላከል ታሪካውያን ትዝታወችን ማቅረብ ወቅቱ የሚያስገድድ መሰለኝ፡፡ ሁሉም ናቸው ባልልም ባሁኑ ወቅት የሚቀርቡትን ንግግሮችና ምስክርነቶች የሰውን አስተሳሰብ የሚጠመዝዙ በአሉባልታና ከጥራዝ በተነጠቁ ሐሳቦች እያጠለሹ የሚያቀርቡ  ቀበያውባጢወች እንደ አሸን የፈሉበት ዘመን ነው፡፡ በሕዝበ ክርስቲያን መጨፍጨፍ ደስ ብሏቸው ለሚስቁና ለሚሳለቁ አረመኔወች ምስክርነቴን ከአሉባልታ የራቀና ከጥራዝ ያልተነጠቀ  መሆኑን ማሳየት ግዴታ ስላለብኝ ጌታችን ኢየሱስ ያስቀመጠልንን ምሳሌ ከዚህ በታች ጠቅሻለሁ፡፡ ክርስቶስ ከሊቃውንቱ ከአንዱ ከኒቆዲሞስ ጋራ ሲነጋገር ፡ የሚነጋገረው ከኒቆዶሞስ ጋራ ብቻ ሳይሆን ኒቆዲሞስ ሕብረተ ሰቡ የሚሰማውና የሚከተለው በህዝብ የተከበበ  የብዙ ሕዝብ መምህር ነውና የሚነጋገረው ከኒቆዶሞስ ጋራ ብቻ ሳይሆን ከከበበውና ከሚለተለው ሕዝብ ሁሉ ጋራ ነበር፡፡ ክርስቶስ ራሱ መምህራንና ደቂቀ አዳምን ወክሎ ኒቆዲሞስንም ከብዙ ሰወች ጋራ እንዳለ ቆጥሮ “እውነት እውነት” እልሀለሁ፦ካለ በኋላ “የምናውቀውን እንናገራለን  ያየነውን እንመሰክራለን”(ዮሐ 3፡11) ብሎ ለኒቆዲሞስ ነገረው፡፡ ክርስቶስ በዚህ አቀራረቡ ሁለት ምሳሌወች አስተምሮናል፡፡ የመጀመሪያው ምሳሌነት የምንናገረውና የምንመሰክረው ከፈጠራና ከጥራዝ ነጠቃ የራቀ የምናውቀውና ያየነው ሊሆን የተገባ መሆኑን የሚያስተምር ሲሆን፦ ሁለተኛው ምሳሌ ካህናት ነን መምህራን ነን ካልን የምንነጋገረው ከምናስተምረው ከከበን ሕዝብ የተሰወረ እንዳናደርገው አስጠንቃቂ ቀስት ነው፡፡ ሶሻል ሚድያ ለበጎ የሚለውን መርሀ ግብር ያዘጋጁ መምህሮቻችን በብዙ ሽ በሚቆጠሩ ምእናን ለተከበቡ መምህራንና ካህናት ነው፡፡ እኔም ሰምተው በተግባር ለማዋል የሚጥሩት ጥቂት ቢሆኑም ብዙ ሰሚወች እንዳሉ እረዳለሁ፡፡ እናም የኒቆዶሞስንና የክርስቶስን ምሳሌነት ተከትለን የምንነጋገረው በራስ ተመክሮ ባየነው ባወቅነው እንዲሆንና ወደከበበን  ብዙ ሕዝብ መድረሱንም ከግምት ውስጥ እንዲደርስ መሻትን ልንዘነጋ አይገባም፡፡ ከዚህ በመቀጠል “እባብ ያየ በልጥ በረየ” እንደሚባለው “ሶሻልሚድያ ለበጎ” ተብሎ አሁን መነጋገሩያ ሆኖ የቀረበው ከዚህ ቀደም ከተከሰቱት ዘዴወች፡ ከተከሰቱባቸውም ወቅቶችና ቤተ ክርስቲያንም ከነበረችባቸው ፈታኝ ታሪካውያን ክስተቶች ጋራ አንድ አይነት መስለኝ፡፡ ከዚህ ቀደም የተከሰቱት ፈታኝ ክስተቶች ያልኳቸውም ከዚህ ቀጥየ የምጠቅሳቸው  ናቸው፡፡ ከዚህ ቀደም በ1968 አካባቢ ፓትርያርክ አቡነ ቴወፍሎስን ያወረደው “ተሀድሶ ጊዜአዊ ጉባዔ” ይባል የነበረው ጥርቅም ቤተ ክርስቲያኒቷ ኋላ ቀር ስለሆነች መታደስ አለባት በሚል ሐሳብ፡ የምትታደስበትን መርሆ ወደ ሕዝብ ለማድረስ በአዲስ አደረጃጀት ማህበራዊ ሚድያ መዘጋጀት አለበት ብሎ ወሰነ፡፡ አማረኛ ቃላት ቢያጥራቸው ከግእዙ ቃላት እየመዘዙ ሐሳብ ማቅረብ የሚችሉ በቅኔና በመጻሕፍት ጉባዕያት ትምህርት የበሰሉትን ከቤተ ክርስቲያን ውስጥ መዞ ማውጣት የሚያስችል የአቅም መለኪያ ፈተና አዘጋጀ፡፡ የሚፈልጉት ስምንት ብቻ ስለነበረ በክፍተኛ ደረጃ ፈተናውን ካለፉት ከስምንቱ ውስጥ አንዱ እኔ ነበርኩ፡፡ ፈተናውን አልፈን በቅድስት ሥላሴ ካቴድራል ስር ይካሄድ  የነበረውን ሚድያ ይመራ በነበረው በአቶ ዘመድኩን ብዙ ወርቅ መሪነት ስር ተሰብስበን ቤተ ክርስቲያናችን በረዥም ዘመኗ ያጠራቀመችውን ሰበነክ ታሪኳን ከቀኖናውና ከነገረ መለኮት ባላፈነገጠ መንገድ ስልጠናውን ባመረኛ በኦሮሞኛ በትግርኛን በዑራጌኛ እየተቀበልን በጋዜጣም በራዲዮም ስራውን ቀጥለን ሳለን፡ ለካ መንግሥት ብቃት ያላቸውን ከቤተ ክህነት ጉያ ነጥሎ  ወስዶ ለራሱ ፕሮፓጋንዳ መሳሪያ ለማድረግ ኖሯልና፡ የቤተክህነቱን የቀድስት ሥላሴንና ብሥራተ ወንጌልን ወረሰና “voice of revolution” ብሎ በላያችን አወጀ፡፡ ቤተ ክህነቱም ከምንግሥት ጋራ ተስማምቶ አዋጁን ተከትላችሁ ወደ ማስታወቂያ ምንስቴር ሂዱ አለን፡፡ ስለቀሩት ዛሬ የት እንዳሉ አላውቅም፡፡ ከስምንታችን አንዱ ለትግርኛው ቋንቋ የተሰለፈው ዛሬ በሕይወት ያለው ዘሩባቤል ነበር፡፡ የቀሩት በሕይወት ለመኖራቸው ርግጠኛ አይደለሁም፡፡ ወደራሴ ልመለስና “የተማርከው ለቤተ ክርስቲያን እንጅ  ለምንግሥት መሳሪያ ለመሆን አይደለም” ብለው እነ አቡነ ጎርጎርዮስ፡ አቡነ አብርሃም፡ አለቃ አስፋው፡ ሊቀ ካህናት ጥዑመ ልሳን ካሣ፡ ሊቀካህናት ክንፈገብሬል አልታየ፡ ተቃውመው በቤተ ክህነት እንድቀር አደረጉኝ፡፡ ቤተ ክርስቲያናችን ወደ ውድቀት በገባችበት በዚያን ወቅት የተፈጸመው ሴራ አሁን ከማየው ጋራ ተመሳሳይ መሰለኝ፡፡ በደርግ ጊዜ ከተዘረጋው  ወጥመድ እንዳልገባ ላተረፉኝ በህይወት ለሌሉት አባቶች ያደረጉልኝን ውለታ በዚህ አጋጠሚ ካላቀረብኩት ውለታቸውን መካድ መስሎ ተሰማኝ፡፡ ሁለተኛው ታሪካዊ ምሳሌ ዶ/ር አረጋዊ በርሄ “A Political History of the Tigray people’s Liberation Front (1975-1991)” በሚል ርእስ ለDoctoral  dissertation ባሳተሙትመጽሐፋቸው ከገጽ (page 246 _ page 300) ላይ የገለጹት የወያኔወች ሴራ ነው፡፡ እስካሁን በኦርቶዶክሳውያን ክርስቲያኖች ላይ ሚነደው አላባራ ያለው እልቂት  ወያኔወች በአቶ ገ/ኪዳን ደስታና በአቶ ስብሀት ነጋ አሰልጣኝነት የዘረጉት የጥፋት መርሆ ነው፡፡ ሶስተኛው ታሪካዊ ምሳሌ፦የወያኔ መንግሥት በብልጽግና ሲተካ በኦርቶዶክስ ቤተ ክርስቲያንና በአማራው ሕዝብ ላይ አሁን እየተካሄደ ያለው ደባ ነው፡፡ ጠ/ም ዓቢይ ወደ ሥልጣን ሲመጡ በኦርቶዶክስ ተዋህዶ ቤተክርስቲያንና በአማራው ላይ የሚቃረኑ ክስተቶች ተፈጽመዋል፡፡ የሚቃረኑ ያልኩት ሲኖዶሱን ሲያስታርቁ አርቀው ያስተዋሉ ሰዎች የቤተ ክርስቲያኗ መሠረቶች ማለት ነገረ መለኮቱና ቀኖናውና ስርአተ ክህነቱ ሳይስተካከሉ አሁን በሁለቱም ጎራ ያሉት ጳጳሳት በዘርና በኮታ የገቡ ናቸው፡፡ እነሱን አስታርቆ አንድላይ በቤተ ክህነቱ ውስጥ ማስቀመጥ ለቤተ ክርስቲያኒቱና ለጠቅላላው ሕዝብ አደጋ ይሆናሉ፡፡ በግርግር ወደጵጵስናው የገቡ እንጅ ቤተ ክርስቲያኗን ያልተረዱ አንድነቷን ጠብቀው ማስጠበቅ  የማይችሉ ይልቁንም በሹመቱና በጥቅሙ ሽሚያ የሚጋጩ ናቸው ብለው የተቃወሙ ነበሩ፡፡ አልተሰሙም፡፡ ይልቁንም ይህን ሐሳብ ባፈለቁት ክርስቲያንች ላይ እየተሽቀዳደሙ በገቡት ጳሳት ከፍተኛ ተቃውሞና ጥላቻ ደረሰባቸው፡፡ ከታረቁ በኋል አዋቂወች የፈሩት ደረሰ፡፡ በመጀመሪያ ሁሉም ለጠ/ም ዓቢይ ሚድያ ሆኑ፡፡ መሳሪያ ሆኑ፡፡ በራሳቸው እስኪመጣባቸው ድረስ ህዝቡን አስገደሉ፡፡እርስ በርሳቸው ተጋጩ፡፡ አሁን የት ናቸው? ፖለቲካው እንዴት እንደተጠቀመባቸው ተመልከቱ! መንግሥት አርጅቶና አፍጅቶ የምርጫው ጊዜ ሲቀርብ፡ ተቀናቃኞችን ሳይፈታ ያለ ጠንካራ ተፎካካሪና ተወዳዳሪ ራሱን አዝርጋጅቶ ለመቀጠል ከምርጫው በፊት ካዘጋጃቸው አዳዲስ ሴራወችሶሻል ሚድያለበጎ የሚለውን አዘጋጀ፡፡ አሁን በዚህ ወቅት በአርሲ ክርስቲያኖች ላይ ልቂት በመካሄድ ላይ ሳለ፦ ሶሻል ሚድያ ለበጎ የሚለው እቅድ ወደ ዲሲ ካህናት ተልኮ ውይይቱ እንዲቀጥል ተደረገ፡፡ በዚሁ ወቅት የጠ/ም ዓቢይ አማካሪዳንኤል ክብረት ሰለ ሶሻል ሚድያ ለአርቲስቶችና ለጋዜጠኞች ስልጠና ሲሰጥአየሁና አሁን ለካህናቱ  መነጋገሪያ ሆነ የቀረበው ከዳንኤል ክብረተ እንደተላከ ተጠራጠርኩ፡፡ አሁን “ሶሻል ሚድያ ለበጎ” ተብሎ ከቀረበው ሰነድ እንደተረዳሁት በደርግ ጊዜ እነ ዶ/ክነፈርግብ ዘለቀ ዘርገተውት የነበረውንና የትግራይን ካህናት መምህራንና ጳጳሳትን ለማስልጠን ወያኔወች በአቶ ገ/ኪዳን ደስታና ስብሐተ ነጋ ያዘጋጁትን መርሀግብር መሰለኝ፡፡ አሁን በዚህ ወቅት ስለ ሶሻል ሚድያ አሰልጣኞቹ እነማናቸው? ለዚህ አዲስ ስልጠና የተዘጋጁት መምሕርንና ካህናት እስካሁን የት ነበሩ? እስካሁን በንግግራቸው  በስብከታቸው ሕዝበ ክርስቲያን ከመበደል ተመልሰው ንስሀ ገብተው የህዝቡን መቃጠልና ስደት በበጎ(ተገቢ መንገድ) እንዲመሰክሩ ነው? ወይስ በአሸብሻቢነታቸውና ባስረጋጭነታቸው  እንዲቀጥሉ ለማድረግ ነው?፡፡ ወይስ መናገር ከጀመርኩበት ጊዜ ጀምሮ እስካዛሬ የተናገርኳቸው ያላውኳቸውና ያላየኋቸው ያለ ማስረጃ ፈጥሬ የተናገርኳቸው በማስመሰልና ንጹሐን ሰወችን እንደ ጎዳሁ ቆጥረው እኔን ንስሀ እንድገባ ከጠየቁኝ የተለዩ ሰወች “በቤተ ክርስቲያናችሁ ላይ የሚደርሰውን ጸዋትወ መከራ እስካሁን በተገቢው መንገድ ተደራጅታችሁ  ለእግዚአብሔርም ለዐለምም አላደረሳችሁምና በቤተ ክርስቲያናችሁ ቀኖና መሠረት ክህነታዊ ተልእኳችሁን ተወጡ” የሚል ጥሪ አቅርበውላችሁ ደርሷችሁ ለመወጣት ነው? በበኩሌ ንስሀ እንድገባ ለቀረበልኝ ጥሪ “ሰይጣን ሆይ ! እክህደከ ስንልህ በመኖራችን ንስሀ ገብተናልና ይቅር በለን” ብላችሁ እናንተ በህዝብ ፊት ንስሀ ግቡና ምሳሌ ስትሆኑኝ በንግግሬ የበደልኳቸውን በይፋ ይቅርታ እጠይቃለሁ” ብየ መልሻለሁ፡፡ በዚህች ጽሑፍ ከዚህ በላይ የጠቀስኳቸው ያለፍኩባቸው ያየኋቸውና ያወኳቸው ልምዶቼ አሁን“ሶሻል ሚድያ  ለበጎ”ተብሎ የቀረበው ለበጎ አለመሆኑን እንድጠራጠር አድርጎኝ ጥያቄ ባቀርብ ኃጢአት ሆኖብኝ የንስሀ ጥሪ ይቀርብልኝ ይሆን? ለእናንተም ተመሳሳይ የንስሀ ጥሪ ቢቀርብላችሁ “ሰይጣን ሆይ! እስካሁን እክህደከ እያልን ስንክድህ ኖረናል፡ ከዛሬ ጀምሮ ‘ንሴብሐከ ወንባርከከ’ በሉና እኛም እንከተላችኋለን” የሚል መልስ ለሚጠይቋችሁ እንድትሰጡ “ሀበነ ንኅበር ወፈውሰነ” እያልን በምንሳተፋት መለኮት በተወሀዳት፡ ነፍስ በተለያት አካል አሳስባችኋለሁ፡፡ [email protected] "
“ምኩራብ” በቀሲስ አስተርአየ ጽጌ,Meheret Setegn,"March 2, 2026",https://mereja.net/amharic/8552,ከዘጠኝዓመታትበፊትየተዘጋጀትምህርተወንጌልበድጋሚአቅርበንላችኋል።ቀሲስበትምህርታቸውአፅንኦትየሰጡበትበቤተክርስቲያን ላይ የሚፈጸሙ ህጸጾችና ወንጀሎችመፍትሄበማግኘትፋንታጭራሽእየተባባሱናስርእየሰደዱመጥተዋል። ባለንበት ዘመን የኢትዮጵያ የኦርቶዶክስ ተዋህዶ ቤተ ክርስቲያን አጥብቃ የምትከለክለውን በጳጳሳት፣በመነኮሳት፣ በቆሞሳት፣በቀሳውስትና በዲያቆናት የሚፈጸሙ መታረም የሚገባቸው ብዙ ጥፋቶች አሉ። ምኩራብ ውስጥ መግባት የማይገባቸው የተለያዩ በሬዎች፣ በጎች፣ርግቦች እንደገቡ ሁሉ አሁንም በዘመናችን በቤተ ክርስቲያናችን ውስጥ መከሰት የሌለባቸው የተለያዩ ነገሮች አሉ።  ባጭሩ ለመጠቆም፤ 1ኛ፦ የተደራረቡ የቅጽል ስሞች፣ 2ኛ፦በተለይ በውጭ ዓለም ባሉ አብያተ ክርስቲያናት ውስጥ “ድርብ ታቦታት”እየተባሉ የሚነገሩ ጽላቶች፣ 3ኛ፦በዝሙትና በዘረፋ የሚወቀሱት ጳጳሳት፣ መነኮሳት፣ ካህናትና ዲያቆናት ያላንዳች ሀፍረት በድፍረት በቤተ መቅደስ ውስጥ አገልግሎት መሰለፋቸው፣ 4ኛ፦ በቤተክርስቲያን ውስጥ የሚደረገው ጥፋት ይታረም ከሚሉት እንደ ቀሲስ አስተርአየ ዓይነት ሰዎች ጋራ ከመተባበርና አብሮ ከመስራት  ይልቅ፤ ጥፋቱና አጸያፊው የሃጢአት ስራ እንዲቀጥል የሚረባረቡ እንዲሁም ይታረም የሚለውን ድምጽ ለማፈን የሚታገሉት ሰዎች የበዙበት ጊዜ ላይ ነው የምንገኘው። ለሀገር፣ ለእምነት፣ ለታሪክና ለትውልድ የሚዋደቁትን ቀቅለው የበሉ፤  ከሚካሄደው የኃጢአት ዝቅጠት ውስጥ ትርፍ በመሸመት ላይ ያሉ፤ ለግል ጊዜያዊ ደስታ ብቻ ሲሉ፤ ጌታችንና መድኃኒታችን ኢየሱስ ክርስቶስን“ይህን  በምኩራብ ውስጥ የሚደረገውን ስህተት ለመቃወም ስልጣንማን ሰጠህ?”እያሉ እንደታገሉት ሁሉ አሁንም በዘመናችን “በቤተክርስቲያን ላይ የሚሰራው ወንጀል ይቁም፣ የሚደረገው ጥፋት ይታረም” ከሚሉት ጋራ ተሰልፈው መታረም የሚገባው እንዲታረም ከመታገል ይልቅ ከአጥፊዎቹ ጋር የሚተባበሩት በርክተዋል። የመከራውም ዘመን እንዲራዘም የሚያደርጉም አነሱና ተከታዮቻቸው ናቸው። ለአብነት ለመጥቀስ ያህል አሌክሳንደሪያ ቨርጂኒያ ውስጥ በዝሙት ምክንያት ከስልጣነ ክህነቱ የተወገዘውን ታደሰ ሲሳይን እንዲሁም ዋሽንግተን ሲያትል ውስጥ ይማሩ ከነበሩበት መንፈሳዊ ኮሌጅ ውስጥ የትምህርት ቤቱ አስተዳደር የዝሙት ድርጊት እንደፈጸሙ በማስረጃ አረጋግጦ ያባረራቸውን “አቡነ” ኤውስጣጢዎስን“የተቀደሰውን ቤተክርቲያን ማርከሳቸውን ያቁሙ፣ በዝሙት ስለወደቁ የክህነት አገልግሎት መስጠት አይችሉም”በማለት የሚታገሉ እውነተኛ አባቶችን የሚተናነቁና የሚያሳድዱ ጌታችን ኢየሱስ ክርስቶስ በአይሁድ ላይ ከሰነዘረው ጅራፍ፤ እጅግ የበለጠ  የእሳት ጅራፍ እንደሚጠብቸው ይህ ትምህርተ ወንጌል በአጽንኦት  ያስገነዝባል። ይህን አብይ ጉዳይ በዝርዝር አብላልቶ ለመረዳት ቪድዮውን ይመልከቱ።  
“የተኙትን ፓትርያርክ እንቀስቅሳቸው” እና “ልፋፈ ጽድቅ” በቀሲስ አስተርአየ ጽጌ,Meheret Setegn,"February 24, 2026",https://mereja.net/amharic/8547,"እያንዳንዱ የትግራይ ጳጳስ 180, 000 ብር ደመወዝ በወር እንደሚከፈለው የአባ ሠረቀን ስም ጠቅሶ“የትግራይ ሲኖዶስ”በማለት እራሱን የሚጠራውን ስብስብ ቅሌት ከሁለት ሳምንት በፊት“አዲስ ኮምፓስ”የተባለ ዩቱብ አቅርቦት ነበር፡፡ በቀጠለው ሳምንት“ኢትዮጵያ ወዴት ሚድያ”ቀሲስ አስተርአየ ለአባ ሠረቀ የካቲት 12 ቀን 2015 የጻፉላቸውን ጦማር ከድረ ገጽ መዞ አውጥቶ ቀሲስን ጠይቋቸው በሰጡት ሰፊ ማብራሪያ የጠቅላላውን ሲኖዶስ ቅሌት አቅርበውት ነበር፡፡ ባለፈው ሳምንት ቀሲስ አስተርአየ በሚድያው ያቀረቡትን“የትግራይ ሲኖዶስ”ቅሌት የሰሙ ሰወች ቀሲስ አስተርአየ“የተኙትንፓትርያርክእንቀስቅሳቸው”በሚል ጥር 2 ቀን 2017 ያቀረቡትን ጦማር ያነበቡ ሰወች እንደገና ብናቀርበው ላናነቡ ሰዎች ግንዛቤ ለማዳበር ይረዳል እንዲሁም ከወያኔው ሲኖዲስ ቅሌት ጋር የተያያዘ ነው በማለት ጠየቁን፡፡ ለቤተ ክርስቲያን ጠበቃ መስለው ዩቱብ ከፍተው የየራሳቸውን ጎራ አበጅተው በግል የሚጠሉትን እየነቀፉ በአንጻሩም የሚወዱት ወንጀል ቢኖርበት እንኳን እየደገፉ ግራ የሚያጋቡና ሀሰት የሚያሰራጩ ጩሉሌዎች የቀሲስን ጽሑፎች አንብበው እየተረዱ ከቀኖናዋና ከስነ መለኮት ሳይወጡ በከሐሰት ትርክት ሳይጠለፉ ራሳቸውን እያስተማሩ ህዝቡንም በማስተማር የቤተ ክርስቲያናችንን ቅድስናና ውለታ በመመሰከር ነቃፊወችን ማሳፈርና ቤተ ክርስቲያናችንንም ማገዝ ይችሉ ነበር፡፡ቀሲስ አስተራየን ያንጊዜ የጻፉት ምን ተሰምተዎት ጻፉት? አሁንስ በዚያው በጻፉት ቤተ ክህነቱን ሲመለከተቱ ምን የተለየ ነገር አዩ? ችግሩ ባሰ ወይስ እየተሻሻለ ነው? እንዴት ይመለከቱታል? ብለው መጠየቅና ምሁራኑም እንዲነጋገሩባት ምድረግ ይገባቸው ነበር፡፡ እርስ በርሳቸው እየተቀናኑና የሚያዳምጣቸውን ስሜት እየቀሰቀሱ ባበዙት አድማጭ ቁጥር በሚለቅሙት ገንዘብ ላይ ስለሚያተኩሩ መሠረታዊ የሆነውን ለህዝብ ማቅረብ አይፈልጉም፡፡ ሰውም እንዲያውቅ አይፈልጉም፡፡ ቀሲስ የጻፏቸውን እየተቀባበለ የሚያነበውን እንደኔ የመሰለው ምእመኑ ነው፡፡ ለቤተ ክርስቲያን ተቆርቋሪ መሰለው ዩቱብ ክፍተው ሕዝቡን ግራ የሚያጋባቱ ሰወች “ኦርቶዶክሳዊት ቤተ ክርስቲያና አገር ናት” ብለው ጠ/ሚኒስቴሩ መጀመሪያ ሲመጡ የመላ ሕዝበ ክርስቲያንኑ ቀልብ የሳቡበትን ንግግር መነሻና መሠረት እየደረጉ የቤተ ክርስቲያንን ውለታ በመመስከር ህዝቡን ለዘላቂ ጥቅም የሚያዘጋጅ ከችግር የሚያወጣ ጠቃሚ ሐሳብ ማቅረብ ይገባቸው ነበር፡፡ ሐምሌ 18 ቀን 2015 ልፋፈ ጽድቅ በሚል ርዕስ ጽፈው ፓትርያርክ ከራሱ እስከ ጥፍሩ የለበሰው የክብር ልብስ የሕዝበ ክርስቲያናኑ አጋጣሚወች ለማንጸባርቀ እንጅ ፓትርያክ ሆኖ ከመንበሩ ላይ የሚቀመጠው አባት የራሱን ሰውነት ለማሳየት እንዳልሆነ አቅርበውልን ነበር፡፡ በሌላ ወቅትም ፓትርያርኩ የለበሱት ለምን እንደለበሱትና አላማው ምን እንደሆነ ገልጸውት ነበር፡፡ የተኙትን ፓትርያርክ እንቀስቅሳቸው ብለው ያቀረቡትን መልሰን ብናቀርብላችሁ ምናልባት እናንተንም ከእንቅልፋችሁ ይቀስቅሳችሁ ይሆናል፡፡ ህዝቡንም እንድታስተምሩበትና ፓትርያርኩንም ከተኙበት ለመቀስቀስ ደግሜ“የተኙትን ፓትርያርክ እንቀስቅሳቸው”በሚል ጥር 2 ቀን 2017 የጻፏትን አቀረብንላችሁ፡፡ልፋፈ ጽድቅ በቀሲስ አስተርአየ የተኙትን አቡነ ማቲያስን እንቀስቅስ"
የእስራኤልን የዘር ማጥፋት ወንጀል ለመሸፈን በገንዘብ ተገዝተው ዘገባ የሰሩ ኢትዮጵያውያን ጋዜጠኞች ተጋለጡ（በጋዜጠኛ ዘካሪያስ ዘላለም）,Konjit Sitotaw,"February 22, 2026",https://mereja.net/amharic/8528,
ኢትዮጵያ አውሮፓ ውስጥ ለመቆየት የሚያስችል ሕጋዊ ሰነድ የሌላቸውን ዜጎቿን ተቀብላለች,Konjit Sitotaw,"February 22, 2026",https://mereja.net/amharic/8526,አውሮፓ ኅብረት፣ ኢትዮጵያ አውሮፓ ውስጥ ለመቆየት የሚያስችል ሕጋዊ ሰነድ የሌላቸውን ዜጎቿን ተቀብላለች በማለት አደነቀ። የካቲት 11 በአዲስ አበባ የተካሄደው 6ኛው የኢትዮጵያና የኅብረቱ የጋራ የሥራ ቡድን ስብሰባ፣ አውሮፓ ውስጥ የመቆየት ፍቃድ የሌላቸውን ኢትዮጵያዊያን ለመቀበል የተነደፈውን የጋራ አሠራር አተገባበር መገምገሙን የኅብረቱ የውጭ አገልግሎት ቢሮ አስታውቋል። ቢሮው፣ ኢትዮጵያ ዜጎቿን በመቀበል ረገድ ከኅብረቱ ጋር ያላትን ትብብር “በአጋርነት” እና “በጋራ የመከባበር መንፈስ” ይበልጥ ለማሻሻልና የትብብሩን ቀጣይነት ለማረጋገጥ በዚሁ ስብሰባ ላይ ቁርጠኝነቷን መግለጧንም ጠቅሷል። የኢትዮጵያ መንግሥት እና አውሮፓ ኅብረት፣ በኅብረቱ አባል አገራት ውስጥ የመቆየት መብት የሌላቸውን ኢትዮጵያዊያን ወደ አገራቸው ለመመለስ በሚያስችል የጋራ አሠራር ላይ ከስምምነት ላይ የደረሱት ከስምንት ዓመት በፊት ነበር።
መከላከያ ሠራዊት ትግራይ ውስጥ በሚገኝ የቀድሞ ካምፖቹ እንዲሠፍር ጊዜያዊ አስተዳደሩ ስምምነቱን ገልጧል ተብሎ የተሠራጨው መረጃ ሐሰት ነው,Konjit Sitotaw,"February 22, 2026",https://mereja.net/amharic/8524,የትግራይ ጊዜያዊ አስተዳደር፣ መከላከያ ሠራዊት በሰሜን ዕዝ ካምፖች እንዲሠፍር ፌደራል መንግሥት ትዕዛዝ እንዳስተላለፈ ተደርጎ በማኅበራዊ መገናኛ ዘዴዎች የተሠራጩ መረጃዎች ስህተት ናቸው አለ። ጊዜያዊ አስተዳደሩ፣ መከላከያ ሠራዊት ትግራይ ውስጥ በሚገኝ የቀድሞ ካምፖቹ እንዲሠፍር ጊዜያዊ አስተዳደሩ ስምምነቱን ገልጧል ተብሎ የተሠራጨው መረጃም ሐሰት ነው ሲል አስተባብሏል። መረጃዎቹ “የተሳሳቱ”፣ “ሕዝብን ለማወናበድ የታለሙ” እና “አላስፈላጊ ውጥረት ለመፍጠር የታሰቡ” ናቸው ያለው ጊዜያዊ አስተዳደሩ፣ የመረጃዎቹ “ምንጭም” ሆነ መረጃዎቹ እንዲያሳኩት የተፈለገው “ግብ” ግልጽ ነው ብሏል። በተዛማጅ ዜና፣ የዓለም ጤና ድርጅት ዶ/ር ቴድሮስ አድሃኖም፣ የጦርነት ትርፉ “ሞት”፣ “ጥፋት”፣ “መፈናቀል” እና “ረሃብ” እንደሆነ በመግለጽ፣ ለልዩነቶች ሁሌም “ፖለቲካዊ መፍትሄ” እንዳለና ለሰላም ዕድል መስጠት እንደሚያስፈልግ በማኅበራዊ ትስስር ገጻቸው ላይ መልዕክት አስተላልፈዋል።🕊️
ውጊያ ተቀሰቀሰ! የቡድን መሣሪያዎች በፋኖ እጅ ገቡ! …… ደብረታቦር! ጉና! ጋሳይ! ነፋስመውጫ! ከለላ!,Konjit Sitotaw,"February 22, 2026",https://mereja.net/amharic/8522,
ደደቢት ቀጠና! ድልድዩን ተሻገረ!ወደ ኋላ አፈገፈገ!ወልቃይት ጠለምት አበርገሌ ከላዋ ሽራሮአዳዲስ ዝርዝር መረጃዎች እና ዘገባዎች!,Konjit Sitotaw,"February 22, 2026",https://mereja.net/amharic/8520,
በወልቃይት ተከዜን የተሻገረው ጦር,Konjit Sitotaw,"February 22, 2026",https://mereja.net/amharic/8518,
ጦርነቱ በትግራይ፣አማራ እና ኤርትራ  … የዐብይ የኦሮሞ ጦርና መንግስት ምስረታ,Konjit Sitotaw,"February 22, 2026",https://mereja.net/amharic/8516,
የአገዛዙ የንጹሃን ጭፍጨፋ በሸዋ,Konjit Sitotaw,"February 22, 2026",https://mereja.net/amharic/8512,
ፋኖ እና ሕወሓት ከቆቦ በቅርብ ርቀት!   የፋኖ ታላቅ ድል በወሎና በጎንደር!   የወሎ ካድሬዎች ሽሽት!,Konjit Sitotaw,"February 22, 2026",https://mereja.net/amharic/8510,
ከ100 በላይ ሚኒሻ ተገድሏል! …. የአዲስ አበባው የተከፈተው ውጊያ!  … የተረፈው ወታደር ወደ ፋኖ ፈለሰ!,Konjit Sitotaw,"February 22, 2026",https://mereja.net/amharic/8508,
ከቀሲስ አስተርዓየ ጽጌ ጋር በወቅታዊ ጉዳዮች ላይ የተደረገ ውይይት,Meheret Setegn,"February 21, 2026",https://mereja.net/amharic/8505,“ኢትዮጵያ ወዴት የውውይት መድረክ” 
አባናደው ክፍለጦር በሁለት አውደ ግንባሮች ባደረገው ተጋድሎ 29 የአገዛዙ ወታደሮችን ሙትና ቁስለኛ ማድረጉ ታወቀ!,Konjit Sitotaw,"February 21, 2026",https://mereja.net/amharic/8502,አባናደው ክፍለጦር በሁለት አውደ ግንባሮች ባደረገው ተጋድሎ 29 የአገዛዙ ወታደሮችን ሙትና ቁስለኛ ማድረጉ ታወቀ! በነዚህ ሁለት ግንባሮች ላይ በተደረገ ውጊያ ከተገደሉ ወታደሮች በተጨማሪ የቆሰሉ ወታደሮችን የገዛ ጓዶቻቸው ትጥቃቸውን ገፈው ጥለዋቸው ሄደዋል። በአፋብን ምኒልክ ዕዝ ንጉሥ ሚካኤል አሊ ኮር ሳጅን አባናደው ክፍለጦር ባለፉት ሁለት ተከታታይ ቀናት ባደረገው ተጋድሎ የጠላት አከርካሪን በመስበር አንፀባራቂ ድል መቀዳጀቱን መረብ ሚዲያ ለማረጋገጥ ችሏል። ተጋድሎው የተደረገው በምስራቅ አማራ ቀጠና ምዕራብ ወረዳዎች መካከል አንዷ በሆነችው ከላላ ወረዳ ልዩ ስሙ ባከት ተብሎ በሚጠራው አከባቢና ሻፊ ላይ ነው። የመጀመሪያው ውጊያ በከላላ ወረዳ ልዩ ስሙ ባከት ተብሎ በሚጠራው አከባቢ ላይ ሲሆን በዚህ ግንባር ለተከታታይ 8:00 ሰዓታት ከባድ የሆነ የጨበጣ ውጊያ መደረጉን ክፍለጦሩ ለመረብ ሚዲያ በላከው መረጃ አስታውቋል። በውጊያው ሰባት የአገዛዙ ወታደሮች ሲገደሉ 15 ወታደሮች ደግሞ ክፉኛ ቆስለው በሞትና በሕይወት መካከል ይገኛሉ። በዚህ ግንባር በተደረገ ውጊያ ከተገደሉ ሰባት ወታደሮች በተጨማሪ የቆሰሉ 15 ወታደሮችን የገዛ ጓዶቻቸው ትጥቃቸውን ገፈው በአከባቢው ጎራዴ ተብሎ በሚጠራው ስፍራ ጥለዋቸው መሄዳቸውን ነው መረብ ሚዲያ ለማረጋገጥ የቻለው። በአውደ ግንባሩ ከዙ23 ጀምሮ ሌሎች ከባባድ መሣሪያዎችን ታጥቆ ለወረራ ሲንቀሳቀስ በነበረው የጠላት ኃይል ላይ ጥቃት በመክፈትድል የተቀዳጁት በአባናደው ክፍለጦር ስር ከመሀመድ ዳውድ ሬጅመንት የተወጣጡ የፋኖ አባላት ናቸው። በተመሣሣይ በቀጥናው ሻፊ ተብሎ በሚጠራው ስፍራ በአባናደው ክፍለጦር ስር የሸዋንግዛው ሬጅመንት አባላት ባደረጉት ተጋድሎ ከሰባት ወታደሮች በላይ ሙትና ቁስለኛ የተደረጉ ሲሆን በርካታ የጠላት ወታደራዊ ንብረቶችም በፋኖ ቁጥጥር ስር መዋላቸው ታውቋል።
የምህረት አዋጁን የተቀበሉ የአገዛዙ የአድማ ብተና አባላት  ዛሬም እንደትናንቱ ከጠላት ካፕ በመኮብለል 105ኛ ኮር የ55ኛ ክ/ጦር የፋኖ አባላትን እየተቀላቀሉ ነው።,Konjit Sitotaw,"February 21, 2026",https://mereja.net/amharic/8498,የምህረት አዋጁን የተቀበሉ የአገዛዙ የአድማ ብተና አባላት  ዛሬም እንደትናንቱ ከጠላት ካፕ በመኮብለል 105ኛ ኮር የ55ኛ ክ/ጦር የፋኖ አባላትን እየተቀላቀሉ ነው። የምህረት አዋጁን የተቀበሉ አባላት፦1ኛ ረዳት ሳጅን ሀብቴ ላቀው2ኛ ኮንስታብል ወርቅየ አበበ3ኛ ኮንስታብል  ሰኢድ ሁሴን የተባሉ  የአድማ ብተና   አባላት ከነሙሉ ትጥቃቸው   ሻውራ አካባቢ ከሚንቀሳቀሰው የጠላት ሀይል በመውጣት  የ105ኛ ኮር የ55ኛ ክ/ጦር የፋኖ አባላት  ተቀላቅለዋል። ➞የአገዛዙን ዕድሜ ለማራዘም የቆመውና በቋሪት ወረዳ የመሸገው 76ኛ ክፍለ-ጦር አባላት የነበሩ ሦስት ሚሊሻዎች፣ የአገዛዙን ሰንሰለት በመበጠስ ትጥቃቸውን ሙሉ በሙሉ ይዘው የዐማራ ፋኖ ብሔራዊ ንቅናቄን (አፋብን) በክብር ተቀላቅለዋል። 1.እንዳላማው ድረስ2. የቻለ በለጠ እና3. ስሜነህ ታፈረ   የተባሉ የሚሊሻ አባላት 102ኛ ኮር 33ኛ ክፍለጦርን ተቀላቅለዋል። የምህረት አዋጁ አማራን የሚባል ሕዝብ ለማዳን ነውና ሁሉም ሊጠቀምበት ይገባል። አማራ እርስበርሱ መጋደል የለበትም ሊጠፋ የተፈረደበት ሕዝብ ልጆችነንና ኑ ተቀላቀሉን። ©በአፋብን ቴዎድሮስ ዕዝ ሕዝብ ግንኙነት መምሪያ!
የፈረንሳዩ የዜና ወኪል (ኤ ኤፍ ፒ) ወደ ትግራይ እንዳይጓዝ ተከለከለ,Konjit Sitotaw,"February 21, 2026",https://mereja.net/amharic/8496,የፈረንሳዩ የዜና ወኪል (ኤ ኤፍ ፒ)፣ የኢትዮጵያ ዘጋቢው ለዘገባ ወደ ትግራይ እንዳይጓዙ መከልከላቸውን ገለጠ። ዘጋቢው ትናንት ወደ ትግራይ ሽሬ ከተማ እንዳይጓዙ የተከለከሉት፣ ከውጭ ጉዳይ ሚንስቴር ፍቃድ የላቸውም በሚል ምክንያት መኾኑን የዜና ምንጩ ጠቅሷል። የቦሌ አውሮፕላን ማረፊያ የጸጥታ አካላት ዘጋቢውን ከጉዞ ያገዷቸው፣ በዚህ ሳምንት አዲስ መመሪያ ደርሶናል በማለት ነው ተብሏል። የዜና ወኪሉ፣ የጉዞ እገዳው የኢትዮጵያ ባለሥልጣናት ከቅርብ ጊዜ ወዲህ በዓለማቀፍ መገናኛ ብዙኀን ላይ እየጣሉት ያለው ገደብ ማሳያ ነው በማለት ውሳኔውን ተቃውሟል።
በጋሞ ዞን ከዘይሴ ወረዳ በእርሻ ላይ የነበሩ አራት አርሶ አደሮች እና  ቁጥራቸው ያልታወቀ ሲቪሎች ተገደሉ,Konjit Sitotaw,"February 21, 2026",https://mereja.net/amharic/8494,ኢሰመጉ፣ የፌደራሉ እንዲሁም የአማራ እና ደቡብ ኢትዮጵያ ክልላዊ መንግስታት በክልሎቹ በንጹሀን ላይ እየደረሠ ላለው የሰብዓዊ መብት ጥሠት በቂ ትኩረት እንዲሠጡ ጠየቀ። ኢሰመጉ፣ በደቡብ ወሎ ዞን ወግዲ ወረዳ ከመንግስት የጸጥታ አካል በተተኮሠ ከባድ መሳሪያ እናቶችና ሽማግሌዎችን ጨምሮ ቁጥራቸዉ ያልታወቁ ንጹሃን ጥር 26 ቀን መገደላቸውን ገልጧል።  በጋሞ ዞን ከዘይሴ ወረዳ የልዩ ወረዳነት ጥያቄ ጋር በተያያዘ የክልሉ ጸጥታ ኃይሎች ጥር 19 ቀን በእርሻ ላይ የነበሩ አራት አርሶ አደሮችን መግደላቸውንና በተያዘው ወርም ቁጥራቸው ያልታወቀ ሲቪሎች እንደተገደሉ ኢሰመጉ ጠቅሷል፡፡ ኢሰመጉ፣ ከዘይሴ ወረዳ ከወራት በፊት በጸጥታ አካላት የተያዙ አምስት የኢዜማ አባላትም እስካሁን የት እንደደረሱ አይታወቅም ብሏል።
ኢትዮጵያ እና ኤርትራ ወታደሮቻቸውንና ጦር መሳሪያዎችን በትግራይ አካባቢ እያከማቹ ነው,Konjit Sitotaw,"February 21, 2026",https://mereja.net/amharic/8492,ኢትዮጵያ እና ኤርትራ ወታደሮቻቸውንና ጦር መሳሪያዎችን በትግራይ አካባቢ እያከማቹ መሆኑን ከቀጠናው ዲፕሎማቶች መስማቱን ጠቅሶ ብሉምበርግ ዘገበ። የኢትዮጵያ ወታደሮችና ጦር መሳሪያዎች በባሕርዳር በኩል ወደ ሰሜን አቅጣጫ መጓዛቸውን ምንጮች እንደነገሩት የዜና ምንጩ ጠቅሷል። የኤርትራ ወታደሮችም ወደ ትግራይ የተለያዩ ቦታዎች ዘልቀው መግባታቸውን መረዳቱን የዜና ምንጩ አመልክቷል። የኤርትራ መንግሥት ቃል አቀባይ የማነ ገብረመስቀል፣ ‘ኢትዮጵያ ራሷ የምትቆጣጠረው የባሕር በር ለማግኘት የምታደርገው ጥረት ዓለማቀፍ ድጋፍ የለውም’ በማለት ነግረውኛል ሲል ብሉምበርግ በዚሁ ዘገባው ላይ ጠቅሷል።
የወልድያ ዙሪያው ትንቅንቅ …… ክላሹን አንስተው ቁስለኞችን ጥለው ሸሹ …. በኤፍራታና ግድም የተከፈተው ወረራ!,Konjit Sitotaw,"February 21, 2026",https://mereja.net/amharic/8490,
ጋዜጠኞች ወደ ግንባር እንዲያዘምቱ ትዕዛዝ ተሰጠ! ካምፖች ላይ ጉዳት ደረሰ! ባንክ ተዘረፈ! አጣዬ ዙሪያ የወጡ አዳዲስ መረጃዎች!,Konjit Sitotaw,"February 21, 2026",https://mereja.net/amharic/8488,
ወደ ሰሜን የሚሄደው ጦርና የፋኖ ጥቃት/በአሜሪካና እንግሊዝ የተቃውሞ ሰልፍ/አፋብንና የጉሙዝ ንቀናቄ መተከል,Konjit Sitotaw,"February 21, 2026",https://mereja.net/amharic/8486,
የአብይ የሴራ ጉንጉን ፈርሷል.፤ የአዲስአበባ ህዝብ በፋኖ ይተማመን ፤ የቀጠናው አሰላለፍ ለይቶለታል! … (ኢንጅነር ይልቃል ጌትነት),Konjit Sitotaw,"February 21, 2026",https://mereja.net/amharic/8483,
የአየር ጥቃቱ ፤ ከተሞቹ እየወደሙ ነው …  የጉሙዙ ጥሪ ለዘመነና ለመከላከያው  …  ጦርነቱ ሊጀመር ነው ፤ ሰራዊቱ ወደ ትግራይ ገብቷል,Konjit Sitotaw,"February 21, 2026",https://mereja.net/amharic/8481,
ከምድር ውጭ ያሉ ህይወት ያላቸው ባዕድ ፍጥረታት (ከሌላ ፕላኔት የመጡ) / Aliens ወይም ምንነታቸው ያልታወቁ በራሪ አካላት /UFOs,Konjit Sitotaw,"February 20, 2026",https://mereja.net/amharic/8479,ከምድር ውጭ ያሉ ህይወት ያላቸው ባዕድ ፍጥረታት (ከሌላ ፕላኔት የመጡ) / Aliens ወይም ምንነታቸው ያልታወቁ በራሪ አካላት /UFOs አሉ ? ከዚህ ቀደም የቀድሞው የአሜሪካ ፕሬዜዳንት ባራክ ኦባማ ‘ ብራያን ታይለር ኮኸን ፖድካስት ‘ ላይ ቀርበው ባዕድ ፍጥረታት (ከሌላ ፕላኔት የመጡ) / Aliens አሉ ወይ ? ተብለው ተጠይቀው ነበር። ኦባማም፥ ” #አሉ! ነገር ግን እኔ አላየኋቸውም። ሆኖም ግን በ’ኤሪያ 51’ ውስጥ በሚስጥር ተደብቀው የሚገኙ አይደሉም ” ሲሉ ምላሽ ሰጥተዋል። (ስለ ‘ ኤርያ 51 ‘  ፦ ኤርያ 51 የተባለው ከፍተኛ የአሜሪካ ሚስጥር ያለበት ቦታ ነው። በዓለማችን ላይ ካሉ እጅግ ምስጢራዊ ቦታዎች ውስጥም አንዱ ነው። ስለ ቦታው ብዙ የሚባሉ ነገሮች አሉ። በአሜሪካ ኔቫዳ ግዛት ውስጥ የሚገኘው ይኸው ሚስጥራዊ የጦር ሰፈር ፤ በዙሪያው ከፍተኛ ጥበቃ ይደረግበታል።) የኦባማ ቪዲዮ ከተጋራ በኋላ በበርካቶች ዘንድ መነጋገሪያ ሆኖ ቆይቷል። በኋላ ላይ ” በጠፈር ስፋት አንጻር ሌላ ሕይወት ያለው ነገር ሊኖር እንደሚችል በሳይንሳዊ ስሌት መናገሬ ነው እንጂ ምድር ላይ በፕሬዝዳንትነት ዘመኔ ስለመምጣታቸው ምንም ማስረጃ አላየሁም ” ሲሉ ማብራሪያ እስከመስጠት ደርሰዋል። አሁን ደሞ የፎክስ ኒውሱ ጋዜጠኛ በዚህ ጉዳይ ላይ ለፕሬዝደንት ዶናልድ ትራምፕ ጥያቄውን ማቅረቡን ተከትሎ ነገሩ እንደገና አነጋጋሪ ሆኗል። ፕረዚዳንቱ ” እርሶስ ከምድር ውጭ ያሉ ህይወት ያላቸው ባዕድ ፍጥረታት (ከሌላ ፕላኔት የመጡ) / Aliens ስለመኖራቸው ያውቃሉ ? ” ተብለው ተጠይቀዋል። ፕረዚዳንት ትራምፕ ፥ ” ባራክ ኦባማ ከፍተኛ ጥንቃቄ የሚሹና የሀገር ምሥጢር የሆኑ መረጃዎችን አጋርቷል ” ሲሉ ወቅሰዋል። ከወቀሳው ባሻገር በጥያቄው ላይ ሀሳብ ለመስጠት እንደማይችሉ ገልጸዋል። ትራምፕ ይህን ካሉ በኋላ ‘ ትሩዝ ‘ በሚሰኘው የማህበራዊ ትስስር ገጻቸው ስለባዕድ ፍጥረታት (Aliens) ወይም ምንነታቸው ያልታወቁ በራሪ አካላት (UFO) እና ምንነቱ ያልታወቀ የአየር ላይ ክስተት (UAP) የተመለከቱ ሚስጥራዊ ሰነዶች ይፋ እንዲደረጉ እንደሚያዙ ገልጸዋል። ​ፕሬዝዳንት ዶናልድ ትራምፕ በመንግሥት እጅ የሚገኙ ፦– ከምድር ውጭ ሌላ ፕላኔት ላይ ስላሉ ህይወት ያላቸው ፍጥረታት/ባዕድ ፍጥረታት (Aliens)፣– ያልታወቁ በራሪ አካላት (UFOs)– ምንነቱ ያልታወቀ የአየር ላይ ክስተት፣ (UAPs) ጋር የተያያዙ ሚስጥራዊ ፋይሎች ለሕዝብ ይፋ እንዲሆኑ ትዕዛዝ እንደሚሰጡ አሳውቀዋል። ​” ለጉዳዩ የተሰጠውን ከፍተኛ ትኩረት መሠረት በማድረግ የጦርነት ሚኒስትሩ (መከላከያው) እና ሌሎች የሚመለከታቸው ተቋማት እና ኤጀንሲዎች መረጃዎቹን ለይተው እንዲያወጡ መመሪያ እሰጣለሁ ” ብለዋል። ” ከእነዚህ እጅግ ውስብስብ ግን ደግሞ በጣም አስደሳች እና አስፈላጊ ከሆኑ ጉዳዮች ጋር የተያያዙ ማናቸውንም መረጃዎች በሙሉ እንዲለቀቁ አደርጋለሁ። እግዚአብሔር አሜሪካን ይባርክ! ” ሲሉ አክለዋል። ትራምፕ ቀደም ሲል ባራክ ኦባማ ሚስጥራዊ መረጃዎችን አውጥተዋል በሚል ተችተው ነበር።
አፍሪካውያን ስደተኞች በሚያንማር ሀገር ካምፖች የሚደርስባቸው የሰብዓዊ መብት ጥሰት እንደቀጠለ ነው,Konjit Sitotaw,"February 20, 2026",https://mereja.net/amharic/8477,
ዘመቻ ምከታ ዘመቻ ሉዓላዊነት ቀን ተቆረጠለት ……. ልዩ ልዩ አሁናዊ መረጃዎችና ዘገባዎች!,Konjit Sitotaw,"February 20, 2026",https://mereja.net/amharic/8475,
የወልዲያ ዙሪያው የፋኖ ኦፕሬሽን,Konjit Sitotaw,"February 20, 2026",https://mereja.net/amharic/8473,
የብልፅግና ስብሰባ ሚስጥሮች,Konjit Sitotaw,"February 20, 2026",https://mereja.net/amharic/8470,
ከባድ የከበባ ጥቃት ተፈፀመ! … ባንዳዎቹ እጅ ከፈንጅ ተያዙ! …. መርሐቤቴ፣ ፍኖተሰላም፣ ቡሬ፣ ራያ!,Konjit Sitotaw,"February 20, 2026",https://mereja.net/amharic/8468,
ዙ23 ያልመከተው ከባድ ተጋድሎ! …. ዋና አዛዡ ከነጦሩ ወደ ፋኖ ገባ! …. ደጋ ዳሞት፣ወሎ አልብኮ፣ ላስታ!,Konjit Sitotaw,"February 20, 2026",https://mereja.net/amharic/8466,
ወታደራዊ ውሳኔዎች ተላለፉ! አምልጠው ወልቃይት ገቡ! … አርማጭሆ ጠገዴ መተማ ፈረስ ቤት ሬማ!,Konjit Sitotaw,"February 20, 2026",https://mereja.net/amharic/8464,
200 ታንኮች መድፎች ሞርታሮች ገቡ! ….. አሁናዊ አዳዲስ ዝርዝር መረጃዎችና ዘገባዎች,Konjit Sitotaw,"February 20, 2026",https://mereja.net/amharic/8462,
የባለስልጣናቱ ቅሌትና የህዝቡ ሀብት …………. ባህርዳር የተነደፈው አዲሱ እቅድ,Konjit Sitotaw,"February 20, 2026",https://mereja.net/amharic/8460,
የትግራይ ወታደራዊ አዛዦች በአዲስ አበባ ….  የፋኖ ኃይሎች ድልና የድሮን ጥቃት,Konjit Sitotaw,"February 20, 2026",https://mereja.net/amharic/8458,
የመቀለና የቤተ-መንግስቱ ስብሰባዎች፣ …. “የሸሹ ጄኔራሎችና” ጦርነቱ,Konjit Sitotaw,"February 20, 2026",https://mereja.net/amharic/8456,
ማፋጀት ማቃጠል ይቀጥላል ( ዐቢይ ),Konjit Sitotaw,"February 20, 2026",https://mereja.net/amharic/8454,
ስልጣን ሊነጥቁን ነው ( ዐብይ )…. የኦሮሞ ህዝብ ዐብይን አትስማ – ጃል መሮ,Konjit Sitotaw,"February 20, 2026",https://mereja.net/amharic/8452,
በወሎና ጎንደር የፋኖ ተጋድሎና ድል! ከአዲስ አበባ ወደ ትግራይ የተደረገው ክልከላ! የጦር ጀቶቹ ስምሪት ወስደዋል!,Konjit Sitotaw,"February 20, 2026",https://mereja.net/amharic/8450,
መከላከያው የረገፈበት የፈረስ ቤቱ ውጊያ … የብልፅግናን ስራ ያጋለጠው ቪዲዮ,Konjit Sitotaw,"February 20, 2026",https://mereja.net/amharic/8448,
በደሴ በር፣ በቃሊቲ በር፣ በሱሉልታ በር እንዲሁም ከአፋር ወደ መቀሌ በሚሄደው መንገድ ላይ የሚፈፀመው የባለ ብዙ ቢልዮን ብር የቡና ኮንትሮባንድ ንግድ ሲጋለጥ,Konjit Sitotaw,"February 20, 2026",https://mereja.net/amharic/8442,በደሴ በር፣ በቃሊቲ በር፣ በሱሉልታ በር እንዲሁም ከአፋር ወደ መቀሌ በሚሄደው መንገድ ላይ የሚፈፀመው የባለ ብዙ ቢልዮን ብር የቡና ኮንትሮባንድ ንግድ ሲጋለጥ “ኮንትሮባንድ ቡና የጫነ መኪና ኬላዎችን የሚያልፍበት አንዱ መንገድ ቡና ጫኙ ከቡናና ሻይ ባለሙያ ጋር በመስማማት እና በመመሳጠር ሌሎች መረጃዎችን ሳያሟላ የቡናና ሻይ መሸኛ ደረሰኝ በማስቆረጥ እና ኦንላይን ሲስተም ላይ በማካተት ነው” ተጨማሪ ያንብቡ:https://www.meseretmedia.org/p/9df
በዋሽንግተን ዲሲ እና ለንደን ከተሞች በርካታ ኢትዮጵያውያንን እና ትውልደ ኢትዮጵያውያንን የሚያሳትፍ ሰላማዊ ሰልፍ ሊካሄድ መሆኑ ተሰማ,Konjit Sitotaw,"February 20, 2026",https://mereja.net/amharic/8440,በዋሽንግተን ዲሲ እና ለንደን ከተሞች በርካታ ኢትዮጵያውያንን እና ትውልደ ኢትዮጵያውያንን የሚያሳትፍ ሰላማዊ ሰልፍ ሊካሄድ መሆኑ ተሰማ “ላለፉት ሰባት ዓመታት በአገራችን በተካሄደው ህዝብ ጨራሽ የእርስ-በርስ ጦርነት ምክኒያት በሚሊዮን የሚገመቱ ዜጎቻችን ማለቃቸው፣ በቢሊዮን የሚገመት ሀብትና ንብረት መውደሙ አልበቃ ብሎ አሁንም እንደገና ወደ ሌላ ከፍተኛና  ቀጠናዊ ጦርነት ውስጥ ልንገባ ተቃርበናል”- አዘጋጅ ኮሚቴው ተጨማሪ ያንብቡ:https://www.meseretmedia.org/p/614
የእስራኤል ፕሬዝዳንት በኢትዮጵያ ጉብኝት እንደሚያደርጉ ተነገረ,Konjit Sitotaw,"February 20, 2026",https://mereja.net/amharic/8438,የእስራኤል ፕሬዝዳንት ይስሃቅ ሄርዞግ፣ በቀጣዩ ሳምንት በኢትዮጵያ ይፋዊ ጉብኝት እንደሚያደርጉ ተነገረ። ፕሬዝዳንት ሄርዞግ በኢትዮጵያ በሚኖራቸው የአንድ ቀን ጉብኝት፣ ከአገሪቱ ባለሥልጣናት ጋር እንደሚወያዩ አንድ የእስራኤል መንግሥት ከፍተኛ ባለሥልጣን ነግረውኛል ሲል ዘ ታይምስ ኦፍ እስራኤል ጋዜጣ ዘግቧል። የፕሬዝዳንቱ ጉብኝት እስራኤል ከአፍሪካ አገራት ጋር ያላትን ግንኙነት ለማጠናከር የያዘችው እቅድ አካል እንደሆነ ዘገባው ጠቅሷል። የእስራኤል የውጭ ጉዳይ ሚንስቴር፣ ፕሬዝዳንት ሄርዞግ በኢትዮጵያ ጉብኝት እንዲያደርጉ የተያዘ እቅድ ስለመኖሩ ይህ ዘገባ እስከተጠናቀረበት ሰዓት ድረስ ያለው ነገር የለም። የቀድሞው የእስራኤል ፕሬዝዳንት ሪዩቨን ሪቭሊን ከሰባት ዓመታት በፊት በኢትዮጵያ ይፋዊ ጉብኝት ማድረጋቸው አይዘነጋም።
በኢትዮጵያ መንግሥት፣ በትግራይና በኤርትራ መካከል ውጥረት በሱዳን ከሚካሄደው ግጭት ጋር ተዳምሮ ኃያላን አገራትን ወደ ግጭቱ ሊስብ እንደሚችል ተጠቆመ,Konjit Sitotaw,"February 20, 2026",https://mereja.net/amharic/8436,ዓለማቀፉ የግጭት አጥኝ ቡድን (ክራይስስ ግሩፕ)፣ በኢትዮጵያ ፌደራል መንግሥት፣ በትግራይና በኤርትራ መካከል ውጥረት በመባባሱ በተለያዩ ምክንያቶች ሳቢያ በቀጠናው ጦርነት ሊከሠት ይችላል ሲል ስጋቱን ገለጠ። ተቋሙ፣ በቅርቡ በፌደራል መንግሥቱ እና በትግራይ ኃይሎች መካከል በድሮን ጭምር የተካሄደው ግጭት፣ ኤርትራን ጭምር ጎትቶ በማስገባት ሠፊ ጦርነት ሊያስክትል እንደሚችል ገልጧል። በሰሜን ኢትዮጵያ አዲስ ግጭት ከተቀሠቀሠ፣ በሱዳን ከሚካሄደው ግጭት ጋር ተዳምሮ ኃያላን አገራትን ወደ ግጭቱ ሊስብ እንደሚችል የጠቆመው ተቋሙ፣ ተለዋዋጩን የቀይ ባሕር ቀጠና ጭምር የሜወክ እድል አለው ሲል አስጠንቅቋል። ተቋሙ፣ ተጽዕኖ ፈጣሪ የአፍሪካ አገራት እና ዓለማቀፍ አጋሮች የኢትዮጵያ መንግሥትንና ሕወሓትን እንዲያሸማግሉም ጠይቋል። …..https://miniliksalsawi.substack.com/p/tensions-are-running-high-among-the……
ኬንያ፣ “ሊናካፓቪር” የተሠኘውን አዲሱን የኤች አይ ቪ መከላከያ መድሃኒት በመረከብ በአፍሪካ የመጀመሪያዋ አገር ኾነች።,Konjit Sitotaw,"February 20, 2026",https://mereja.net/amharic/8434,ኬንያ፣ “ሊናካፓቪር” የተሠኘውን አዲሱን የኤች አይ ቪ መከላከያ መድሃኒት በመረከብ በአፍሪካ የመጀመሪያዋ አገር ኾነች። መድሃኒቱ፣ ቫይረሱ የሌለባቸው ሰዎች ቫይረሱ እንዳይተላለፍባቸው መከላከል የሚችል ሲኾን፣ በዓመት ሁለት ጊዜ ብቻ የሚሠጥ ነው። ኬንያ፣ መድሃኒቱን በቀጣዩ ወር መስጠት እንደምትጀምር ተገልጧል። መድሃኒቱ በዓመት ላንድ ሰው 60 ዶላር የሚወጣበት ሲሆን፣ ቫይረሱ እንዳይተላለፍ የመከላከል እድሉ 99 ነጥብ 9 በመቶ እንደሆነ ተነግሮለታል። አዲሱን የኤች አይ ቪ መከላከያ መድሃኒት እንዲረከቡ ግሎባል ፈንድ እና የአሜሪካ ፕሬዝዳንት የኤች አይ ቪ ፕሮግራም ከመረጧቸው የመጀመሪያዎቹ ዘጠኝ የአፍሪካ አገራት አንዷ ኬንያ ስትሆን፣ ሌሎቹ ኡጋንዳ፣ ደቡብ አፍሪካ፣ እስዋቲኒ፣ ሞዛምቢክ፣ ናይጀሪያ፣ ሌሶቶ፣ ዛምቢያ እና ዚምባብዌ ናቸው።
እናት ፓርቲ፣ ምርጫ ቦርድ ተቃዋሚ ፓርቲዎች ወደመሠረቱት “ትብብር ለኢትዮጵያ አንድነት” የተባለውን ቅንጅት እንዲቀላቀል እንደፈቀደለት አስታወቀ።,Konjit Sitotaw,"February 20, 2026",https://mereja.net/amharic/8432,እናት ፓርቲ፣ ምርጫ ቦርድ ተቃዋሚ ፓርቲዎች ወደመሠረቱት “ትብብር ለኢትዮጵያ አንድነት” የተባለውን ቅንጅት እንዲቀላቀል እንደፈቀደለት አስታወቀ። ፓርቲው፣ እናት ፓርቲ መስራች የሆነበት ቅንጅት ሕጋዊ አባል እንዲሆን ቦርዱ ከወራት ውዝግብ በኋላ በመፍቀዱ ምስጋናውን ገልጧል። እናት ፓርቲ፣ ኢሕአፓ፣ መኢአድ፣ የኢትዮጵያ ዲሞክራሲያዊ ፓርቲ እና የአማራ ጊዮናዊ ንቅናቄ ባለፈው መስከረም “ትብብር ለኢትዮጵያ አንድነት” የተባለውን ቅንጅት መስርተው ምርጫ ቦርድ እንዲያጸድቅላቸው ሲጠይቁ፣ ቦርዱ የእናት ፓርቲን አባልነት ውድቅ በማድረግ አራቱ ፓርቲዎች ብቻ የቅንጅቱ አባል ናቸው በማለት መወሠኑ ይታወሳል። ቦርዱ የእናት ፓርቲን አባልነት ያላጸደቀው፣ ፓርቲው አስፈላጊ ሰነዶችን እንዳላሟላ፣ ፓርቲው ቅንጅቱን መቀላቀሉን የሚቃወሙ የፓርቲው አባላት መኖራቸውን እና የቅንጅቱን ምስረታ ያጸደቀው የፓርቲው ላዕላይ ምክር ቤት ምልዓተ ጉባኤው የተሟላ እንዳልነበር በመግለጽ ነበር። በዚሁ ሳቢያ ፓርቲውና ቦርዱ ሲካሰሱ ቆይተው ነበር።
የእንግሊዙ ንጉሣ ቤተሰብ ልዑል አንድሪው ከኤፕስተን ጋር በተያያዘ በቁጥጥር ስር ዋሉ።,Konjit Sitotaw,"February 20, 2026",https://mereja.net/amharic/8430,የሟቿ የቀዳማዊት ንግሥት ኤልሳቤጥ ሁለተኛ ልጅ እና የንጉሥ ቻርለስ ሳልሳዊ ታናሽ ወንድም አንድሪው ማውንትባተን-ዊንድሶር ከሕፃናት ወሲባዊ ጥቃት ወንጀል ፈፃሚው ጄፍሪ ኤፕስታይን ጋር በነበራቸው ግንኙነት ላይ በፖሊስ ምርመራ ከተደረገ በኋላ ነው በቅጥጥር ስር የዋሉት። አንድሪው ከዚሁ ወንጀል ጋር ባላቸው ግንኙነት  የልዑልነት ማዕረጋቸው ቀደም ሲል እንዲነሳ ተደርጎ ነበር።ዛሬ ሐሙስ ከጠዋቱ 2 ሰዓት በኋላ በሳንድሪንግሃም ግዛት ዉድ ፋርም ውስጥ ምልክት የሌላቸው የፖሊስ መኪኖች እና ሲቪል  የለበሱ የፖሊስ መኮንኖች ፎቶግራፎች መታየታቸውን ዘገባዎች ያሳያሉ።የቀድሞው ልዑል አንድሪው ማውንትባተን-ዊንድሶር፤  ከሦስት ሳምንት በፊት ከሚኖሩበት የዊንድሶር ቤተመንግሥት እንዲለቁ ተደርገው በዉድ ፋርም ውስጥ ሮያል ሎጅ በሚባለው አነስተኛ መኖሪያ  ውስጥ ነበሩ። ፖሊስ በመንግሥት ቢሮ ውስጥ በሥነ ምግባር ብልሹነት ተጠርጥሮ በቁጥጥር ስር ያዋላቸውም በዚሁ መኖሪያቸው ነው።ቀደም ሲል ኤፕስቲንን ከከሰሱ ሴቶች አንዷ የሆነችው ቨርጂንያ ሮበርትስ እንዳለችው ከልዑል አንድሪው ጋር ወሲብ እንድትፈጽም የተገደችው በ17 ዓመቷ ነበር። የ66 ዓመቱ አንድሪው ማውንትባተን-ዊንሰር የቀረበባቸውን ክስ እና ጥፋት ሲክዱ ቆይተዋል። በማስረጃነት የቀረበባቸውን ከእሷ ጋር የተነሱትን ፎቶም እንደማያስታውሱ ገልጸዋል። የኤፕስታይን ፋይሎች በአሜሪካ የፍትህ መምሪያ በቅርቡ ይፋ ሲሆኑ ግን ለዓመታት የተዳፈኑት ክሶች እንደገና እንዲንቀሳቀሱ ሆነዋል።ልዑል አንድሪው የቀረበባቸውን የወሲባዊ ብዝበዛ ክስ በጎርጎሪዮሳዊው 2022 ላይ ሚሊዮኖች ለመክፈል በመስማማት አልፈዋል የሚል ክስም ሲቀርብባቸው ቆይቷል።በሕጻናት የወሲብ ንግድ ፣ ጾታዊ ጥቃት እና በሌሎች አካላዊ ጥቃቶች የተከሰሰው አሜሪካዊው ጀፈሪ  ኤፕስቲን በጎርጎሪያኑ 2019 ዓ/ም በቁጥጥር ስር ውሎ የነበረ ሲሆን፤ በእስር ቤት እያለ ራሱን ማጥፋቱ ይፋ ሆኗል።በኤፕስቲን ምክንያት ጉዳት የደረሰባቸው ሰዎች ክስ እና ከኤፕስቲን ጋር ትስስር ያላቸው  ሰዎች ዝርዝር መውጣት ግን አሁንም ቀጥሏል።
ለግዳጅ ዝግጁ የሆነው ፋኖ! | ፋኖ ከደብረብርሃን እስከ መገናኛ! | የዐቢይ ተማጽኖ በወለጋ! | ጀነራል ታደሰ “እድሉ ጠቧል””,Konjit Sitotaw,"February 19, 2026",https://mereja.net/amharic/8428,
አማራን የሚወክሉ ጭንቅላቶች በእስር ቤት ውሰጥ ታጉረው የሚደረግ አገራዊ ምክክር ወደፊትም ቢሆን ጥያቄ እንደሚያስነሳ ተገለፀ።,Konjit Sitotaw,"February 19, 2026",https://mereja.net/amharic/8446,አማራን የሚወክሉ ጭንቅላቶች በእስር ቤት ውሰጥ ታጉረው የሚደረግ አገራዊ ምክክር ወደፊትም ቢሆን ጥያቄ እንደሚያስነሳ ተገለፀ። የኢትዮጵያ ሀገራዊ የምክክር ኮሚሽንን የስራ ዘመን ለማራዘም ዛሬ አስቸኳይ የፓርላማ ስብሰባ ተጠርቶ ነበር። በዚህ ስብሰባ ላይ ደሳለኝ ጫኔ (ዶ/ር) ዛሬም እንደተለመደው የሕዝብን ጥያቄ ለኮሚሽኑ አባሎች አቅርበዋል።ደሳለኝ ጫኔ (ዶ/ር) ሕዝቡ መሪዎቼ ብሎ የሚጠራቸው የአማራ ልሂቃን ማለትም ፖለቲከኞች፣ጋዜጠኞች፣ የማህበረሰብ አንቂዎች እንዲሁም የሕዝብ እንደራሴዎች በፖለቲካ አስተሳሰባቸውና አማራ በመሆናቸው ብቻ አስር ቤት ባሉበት ሁኔታ የሚደረግ ሀገራዊ ምክክር ነገም ጥያቄ ያስነሳል ብለዋል። የፓርላማ አባሉ አክለውም እነዚህን በእስር ላይ የሚገኙ የአማራ ጭንቅላቶችን ለማስፈታት የምታደርጉትን እንቅስቃሴ መንግስት ካልተቀበለው ለሕዝቡ ማቅረብ አለባችሁ ሲሉ ተናግረዋል። በነገራችን ላይ ሌሎች ህዝቦች የታሰረ ሊህቃን የላቸውም ለምሳሌ ከትግራይ የታሰረ የፖለቲከኛ ሊህቃን የለም፣ ከኦሮሞም ብዙ የተሰሩ ነበሩ ተፈተዋል ሲሉ ድምፃቸውን አሰምተዋል። ጨምረውም በሰፊው ታስሮ ያሉ ሊህቃኖች ከአማራ ህዝብ ያሉ ተወካዮች ብቻ ናቸው፤ ስለዚህ ነገ የአማራ ህዝብ ሊህቃኖቸ ታስረውብኛል አልተወከልኩም ቢል በቂ ምክንያት አለው ብየ አስባለሁ። እነማን ምን ሲያደርጉ እንደታሰሩ እና እንደተፈቱ እናውቃለን በዚሁ ሀገር ብለዋል ዶክተር ደሳለኝ ጫኔ የኢትዮጵያ ምክክር ኮሚሽንም እኛ አክቲቪስት አይደለንም መንግስት እንቢ አለን ብለን ወጥተን የምንናገረው ሲሉ ተሳልቀዋል።በአማራ ሕዝብ ላይ የሚደርሰውን ግፍና ሰቆቃ ወጥተው በማጋለጣቸውና በመሞገታቸው ብቻ በርካታ የአማራ ጭንቅላቶች በእስር ቤት ይገኛሉ። ላለፉት ሶስት አመታት ያለ ፍርድ እስር ቤት ታጉረው የሚገኙት እነዚህ የአማራ ሊሂቃን አምነስቲ ኢንተርናሽናልና ሲፒጄን ጨምሮ አለም አቀፍ የሰብአዊ መብት ተሟጋች ተቋማት መንግስት ያለምንም ቅድመ ሁኔታ እንዲፈታ ቢያሳስቡም አገዛዙ ግን አሁንም በእስር ቤት እያሰቃያቸው ይገኛል። የሕዝብ ተመራጮቹ ዮሐንስ ቧያለው፣ ክርስቲያን ታደለና ካሳ ተሻገር፣ ጋዜጠኞቹ ጎበዜ ሲሳይ፣ ዳዊት በጋሻው፣ ገነት አስማማው፣ መስከረም አበራና ዓባይ ዘውዱን ጨምሮ ለአማራ ሕዝብ ጥቅሞች የተከራከሩ ከ200 በላይ የፖለቲካ እስረኞች በ 57 ፖለቲካዊ የክስ መዝገቦች ተከሰዋል።
የካቲት ፲፪፡ የኢትዮጵያ ሰማዕታት ቀን!!,Konjit Sitotaw,"February 19, 2026",https://mereja.net/amharic/8444,የካቲት ፲፪፡ የኢትዮጵያ ሰማዕታት ቀን!!በመምህር ጌታቸው በቀለየካቲት ፲፪፡ የኢትዮጵያ ሰማዕታት ቀን ዘንድሮ 89ኛ ዓመቱ ላይ ነው።የካቲት ፲፪ ቀን ፲፱፻፳፱ ዓ.ም በአዲስ አበባና አካባቢዋ ውስጥ ብቻ ወደ 30 ሺህ ኢትዮጵያውያን ተጨፍጭፈው ተገድለዋል።ይህ ዕለት ኢትዮጵያውያን በተለያየ ዝግጅቶችና ፕሮግራሞች በግፍ የተገደሉ ሰማዕታትን ያስባሉ፡፡ከአርባ አንድ ዓመታት በኋላ ተመልሶ ለወረራ የመጣው በማርሻል ሩዶልፍ ግራዚያኒ የሚመራው የፋሺስትም ጦር፣ ከየካቲት ፲፪ ቀን እስከ የካቲት ፲፬ ድረስ ባሉት ሦስት ቀናት ከሠላሳ ሺህ በላይ ሰላማዊ ኢትዮጵያውያንን ገደላቸው። በዕለቱ የጣሊያናዊው ኔፕልስ ግዛት መሥፍን ሴት ልጅ ስለተወለደችለት ፌሽታ በማድረግ የአዲስ አበባ ድኾችንና ነዳያንን ሕጻናትንና ልጆችንም ይዘው እንዲገኙ ተደርጎ ነበር፤ የገንዘብና የሌሎችም ዕርዳታ ስለሚደረግ፣ በገነተ ልዑል ቤተ መንግሥት ግቢ (የዛሬው 6 ኪሎ ዋና ዩኒቨርሲቲ ግቢ) እንዲገኝ ተጠርቶ ነበር። ዕርዳታ ሳይጀመር፣ አጋጣሚውን በመጠቀም በተነሣው ዐመጽ የግድያ ሤራውን አሢረው ሲዘጋጁ የነበሩት ወጣቶች፣ የያዟቸውን ቦንቦች በመወርወር፣ ግራዝያኒና በወቅቱ አብረው ከከነበሩት ጥቂት ሰዎች ቆሰሉ። በተነሣው ዐመጽ ብዙ ኢትዮጵያውያንን እልቂት ምክንያት የሆነበት ዕለት ነው፡፡ይህን ሙከራ ተከትሎ ለሦስት ቀናት ያህል የቆየ የጅምላ ጭፍጨፋና አፈሳ ዘመቻን ዐወጀ፡፡ በዚህም ከከተማዋ ነዋሪዎች በተገኘው መሣርያና መግደያ ተገደለ። አረጋውያንን፣ ሕፃናትን እና ነፍሰ ጡር ሴቶችን ጨምሮ፣ በአካፋና በዶማ፣ በጠመንጃዎችና በሽጉጦች፣ በካሚዮኖች በመጎተትና በላያቸው ላይ በመንዳት፣ ወ.ዘ.ተ ተገደሉ። ሸሽተው ቤታቸው መግባት የቻሉትና ከቤታቸው ያልወጡትን በላያቸው ላይ በመዝጋት እሳት ለኮሱባቸው።አዲስ አበባ ውስጥ ስድስት ኪሎ ቆሞ የሚገኘው የሰማዕታት ሐውልት የካቲት ፲፪ ቀን ፲፱፻፳፱ ዓ.ም በይፋ ማክበር የተጀመረው በ፲፱፻፴፬ ዓ.ም ነው። የሰማዕታት ሐውልት የካቲት ፲፪ ቀን ፲፱፻፳፱ ዓ.ም ጀምሮ ለሦስት ቀናት ያኽል በፋሺስት ኢጣሊያ ወታደሮች ለተጨፈጨፉ የአዲስ አበባ ነዋሪዎች መታሰቢያ ይኾን ዘንድ የቆመ ሐውልት ነው። በየካቲት በ፲፱፻፴፬ ዓ.ም ሙሉ ሥራው ተጠናቅቆ የተመረቀው ይህ ሐውልት የፋሺስቱን ግራዚያኒ የጭካኔ ድርጊት “ለዓለም እንዲናገር፣ ኢትዮጵያውያን ደግሞ እንዲያስቡት” ተብሎ የተሠራ ነው፡፡ዋቤ መጻሕፍት✍️ የኢትዮጵያ ኦርቶዶክስ ቤተክርስቲያን ታሪክ ከልደተ ክርስቶስ እስከ 2000 ዓ.ም✍️ የኢትዮጵያ ታሪክ✍️ የቤተክርስቲያን ታሪክ በኢትዮጵያ
በአብይ፣ በሕወሃት እና ሻእቢያ መካከል ጦርነት ሊፈነዳ በቋፍ ላይ ነው … Crisis Group NEW BRIEFING,Konjit Sitotaw,"February 18, 2026",https://mereja.net/amharic/8422,የኢትዮጵያ ሠራዊትና የትግራይ ኃይሎች ወደ ትግራይ ድንበር መጠጋታቸው ተሠማ። በአብይ፣ በሕወሃት እና ሻእቢያ መካከል ጦርነት ሊፈነዳ በቋፍ ላይ ነው…..https://miniliksalsawi.substack.com/p/tensions-are-running-high-among-the…… የአብይ ሠራዊት ትግራይን እንደከበበና የሁለቱም ወገኖች ኃይሎች ፊት ለፊት መፋጠጣቸው ጥሩ ምልክት እንዳልሆነ እየተነገረ ነው ። ….. የሁለቱም ወገኖች ኃይሎች ወደ ትግራይ ድንበር መሰባሰባቸው ታውቋል። …….. በኢትዮጵያ ፌዴራል መንግሥት፣ በኢትዮጵያ ሰሜናዊ ትግራይ ክልል እና በአጎራባች ኤርትራ መካከል ውጥረት እየተፈጠረ ሲሆን፣ የመጨረሻው ጦርነት ካለቀ ከሶስት ዓመታት በኋላ ወደ ገዳይ ግጭት የመመለስ ስጋት አለ። በርካታ ሊሆኑ የሚችሉ ምክንያቶች ስላሉ፣ ወደ ጠላትነት የሚሸጋገሩበት ሁኔታ ለመጀመር ቀላል ይሆናል ነገር ግን ለማስቆም በጣም ከባድ ይሆናል። ዝርዝሩን እነሆ ……https://miniliksalsawi.substack.com/p/tensions-are-running-high-among-the
ጦርነቱ ሊፈንዳ ነው የቀረበው ሪፖርት  …. ;ለመመከት ተዘጋጅተናል (ደብረፅዮን ),Konjit Sitotaw,"February 18, 2026",https://mereja.net/amharic/8420,
የቱርክ መሪ ያሰሙት ግልፅ ተቃውሞ,Konjit Sitotaw,"February 18, 2026",https://mereja.net/amharic/8418,
በአምስት ግንባሮች ግዙፍ ኃይል ተጠጋ! ሪፖርቱ አጋለጠ! …. ወልቃይት! ጠለምት! አበርገሌ! ራያ! አፋር!,Konjit Sitotaw,"February 18, 2026",https://mereja.net/amharic/8416,
ከሱዳን በሁለት አቅጣጫ አዲስ የጦር መሣሪያዎች ገቡ! … ራያዓላማጣ! ዛላንበሳ! ራማ! ሞጣ! ይፋት! … አዳዲስ ዝርዝር አሁናዊ መረጃዎችና ዘገባዎች!,Konjit Sitotaw,"February 18, 2026",https://mereja.net/amharic/8414,
ቴሌቭዥኑ ያጋለጠው ቅሌት ፤ በኤርዶጋን የተከፉት ዐቢይ,Konjit Sitotaw,"February 18, 2026",https://mereja.net/amharic/8410,
ጀግናው ከበባውን ሰብሮ ወጣ …. ቁስለኛ ወታደሮች ወደ ደሴ ከተማ ገቡ …. ላስታ፣ ወረኢሉ፣ሣይንት፣ ሞጣ!,Konjit Sitotaw,"February 18, 2026",https://mereja.net/amharic/8408,
የቪዲዮ ስርጭት ከጦር ግንባር! …. የፋኖ ተወርዋሪ ኮማንዶ ዝግጁ ሆነ! …. በኮማንዶ ብቻ የሚደረገው ውጊያ!,Konjit Sitotaw,"February 18, 2026",https://mereja.net/amharic/8406,
"ከባድ ትንቅንቅ በአይና ቡግና  ,…… በኮማንዶው ስም ከባድ ዘመቻ ተጀመረ ,…. በመቶዎች የሚቆጠሩ የጠላት ወታደሮች ወድቀዋል",Konjit Sitotaw,"February 18, 2026",https://mereja.net/amharic/8404,
ሁለት ሦስተኛው መከላከያ ኃይል በአንድ ግንባር ………. ዋልድባ! ተከዜ! ፍኖተሰላም! ደገም! ጃርሦ!,Konjit Sitotaw,"February 18, 2026",https://mereja.net/amharic/8402,
መከላከያ በትግራይ ገብቶ ካምፖቹን ይቆጣጠራል(ጀኔራል አበባው) … በሱዳን የተከፈተው አዲሱ የኢትዮጵያ ታጣቂዎች ማሰልጠኛ ማዕከል … አሁናዊ መረጃዎችና ዘገባዎች!,Konjit Sitotaw,"February 18, 2026",https://mereja.net/amharic/8400,
ሰራዊቱ ወሳኝ ቀጠናዎቹን ለቆ ወጣ!ደግም የክተት ጥሪ ተላለፈ … በትግራይ አዳዲስ ወታደራዊ ክምችት ቦታዎች ታወቁ …. ደምቢያ ጭልጋ ደብረማርቆስ ወረታ ሻሁራ ደልጊ,Konjit Sitotaw,"February 18, 2026",https://mereja.net/amharic/8398,
በደቂቃወች ዉስጥ የተሰራዉ አስደናቂ ኦፕሬሽን ….. ከበባዉን ሰብሮ የወጣዉ እርበኛ እና የተሰራዉ ጀብዱ,Konjit Sitotaw,"February 18, 2026",https://mereja.net/amharic/8396,
ጦሩ በአማራና በትግራይ ድንበር …. ምሽግ ቁፋሮ ይቀራል /ዐብይ /,Konjit Sitotaw,"February 18, 2026",https://mereja.net/amharic/8394,
ብልጽግናን ያሸበረው  ቀኜ አርበኛ …. የጄኔራል ታደሰ ወረደ መግለጫ,Konjit Sitotaw,"February 18, 2026",https://mereja.net/amharic/8392,
ሌ/ጄ ጻድቃን  : ጦርነቱን አጭር እናደርገዋለን / ከወደ ሰሜን የወጡ መረጃዎች / በትግራይ ካልተደረገ በወልቃይት አይደረግም?,Konjit Sitotaw,"February 18, 2026",https://mereja.net/amharic/8390,
የጎጃሙ ተጋድሎና ከበባውን የሰበረው ፋኖ! ኤርዶዋን በአዲስ አበባ ምን ገጠማቸው? በደቡብ ኢትዮጵያ የተቀሰቀሰው ግጭት!,Konjit Sitotaw,"February 18, 2026",https://mereja.net/amharic/8388,
በጎጃምና ጎንደር የተደመሰሰው ሰራዊት የአርባ ምንጩ አዲስ ግጭት  መከላከያው ለቆ ወጥቷል,Konjit Sitotaw,"February 18, 2026",https://mereja.net/amharic/8386,
የወሎና ጎንደር አስደናቂው ድል …. ሱዳንን የደበደበው የብልፅግና ድሮን,Konjit Sitotaw,"February 18, 2026",https://mereja.net/amharic/8384,
በወግዲ ወረዳ በብልፅግና መከላከያ ሰራዊት አባላት የተፈጸሙ የሰብአዊ መብት ጥሰቶችና ዝርፊያ ተባብሶ ቀጥሏል!,Konjit Sitotaw,"February 18, 2026",https://mereja.net/amharic/8381,በወግዲ ወረዳ በብልፅግና መከላከያ ሰራዊት አባላት የተፈጸሙ የሰብአዊ መብት ጥሰቶችና ዝርፊያ ተባብሶ ቀጥሏል! በደቡብ ወሎ ዞን ወግዲ ወረዳ ውስጥ የሚገኘው የመንግስት መከላከያ ሰራዊት በንጹሃን ዜጎች ላይ እያደረሰ ያለው ግፍና በደል ተጠናክሮ መቀጠሉን የሚጠቁሙ መረጃዎች ወጥተዋል። ሰሞኑን በተለያዩ ቀጠናዎች በተፈጸሙ ጥቃቶች በህጻናት ላይ አካላዊና ስነ-ልቦናዊ ጉዳቶች መድረሳቸውና የገበሬው ምርት መዘረፉ ተገልጿል።​ትናንት የካቲት 08 ቀን 2018 ዓ.ም በወረዳው ልዩ ልዩ አካባቢዎች አሰቃቂ ድርጊቶች ተፈጽመዋል። ​ በሰኮሩ ቀጠና ሰአዳ ደሳለው የተባለች ህጻን፣ ለአባቷ ምሳ አድርሳ ስትመለስ “አበራ ሸለቆ” ተብሎ በሚጠራ ቦታ ላይ በ105ኛው ክፍለ ጦር አባል መደፈሯ ተሰምቷል። ህጻኗ በአሁኑ ወቅት በማከፍታ ጤና ጣቢያ የህክምና እርዳታ እየተደረገላት ይገኛል።​በመነበጢ ስር መርድኒ በተባለ ቦታ፣ 87ኛው ክፍለ ጦር “ፋኖ መጣ” በሚል በከፈተው ተኩስ የ6 ዓመት ህጻን እግሩ ላይ በጥይት ተመትቶ በህክምና ላይ እንደሚገኝ ተረጋግጧል። ​በዚሁ እለት “ቱሉ የጉርባ” ተብሎ በሚጠራው ተራራ ላይ የሚገኝ የተፋሰስ ደን፣ “ፋኖ ይደበቅበታል” በሚል ሰበብ በመከላከያ ሰራዊቱ እሳት እንዲለቀቅበት ተደርጎ መቃጠሉ ተገልጿል። ​በተለይም “ዘምድ” (025 ቀበሌ) ተብሎ በሚጠራው አካባቢ የመከላከያ ሰራዊት አባላት የገበሬውን ምርት ከጎተራ እያወጡ መጫናቸው ተመልክቷል። በዚህ ቀበሌ ብቻ ከ125 ኩንታል በላይ እህል መዘረፉ የተገለጸ ሲሆን፣ የተጎጂዎች ዝርዝርም እንደሚከተለው ቀርቧል፦ 1 . አድማሱ ጌታነህ : 8 ኩንታል ጤፍ2. ቱባው ለማ 8 ኩንታል ጤፍ3. ዘለቀ አየለ 10 ኩንታል ጤፍ4. ዘላለም    : 80 ኩንታል ጤፍ እና የቤት እቃዎች5. አለባቸው፡ 3 ኩንታል ጤፍ6. ሥላሽ መኮነን 7 ኩንታል ስንደ እና4 ኩንታል ጤፍ7. ስርፋሽ : ሙሉ ሱቅ8 . ስለሽ መኮነን : 300000 (ሶስት መቶ ሽ) ብር የሚገመት የሱቅ ዕቃ9. ሰማራ : ወርቅ ጌጣጌጥ እና የቤት እቃዎች10. አብነው አያሌው : 5 ኩንታል ሰንደ4 ኩንታል ጤፍ በፋሽስቱ አገዛዝ ብልፅግና ሰራዊት ተዘርፈዋል ሲል ምኒልክ ዕዝ በሕዝብ ግንኙነት መምሪያው በኩል አሳውቋል።
የአየር መቃዎሚያ ጭምር ታጥቆ ሲንቀሳቀስ በነበረ የአገዛዙ ኃይል ላይ በተፈፀመ ሽምቅ ጥቃት በርካቶች ሙትና ቁስለኛ ተደረጉ!,Konjit Sitotaw,"February 18, 2026",https://mereja.net/amharic/8379,የአየር መቃዎሚያ ጭምር ታጥቆ ሲንቀሳቀስ በነበረ የአገዛዙ ኃይል ላይ በተፈፀመ ሽምቅ ጥቃት በርካቶች ሙትና ቁስለኛ ተደረጉ! በምዕራብ አማራ ቀጠና ሁለት እጁነሴ ወረዳ ልዩ ስሙ አጋም ውሀ ተብሎ በሚጠራው አከባቢ ዛሬ የካቲት 10/2018 ዓ/ም ማለዳ በተፈፀመ የሽምቅ ጥቃት በርካታ የአገዛዙ ወታደሮች ሙትና ቁስለኛ መደረጋቸውን የመረብ ሚዲያ የግንባር ዘጋቢዎች ለማረጋገጥ ችለዋል። የአየር መቃዎሚያ(ዙ23)ን ጨምሮ በሌሎች ከባባድ መሣሪያዎች ሽፋን የታገዘ በርካታ የጠላት ብልፅግና ወታደራዊ ኃይል መነሻውን ከሞጣ በማድረግ በአከባቢው ሲንቀሳቀስ ልዩ ስሙ አጋም ውሃ ተብሎ በሚጠራው ስፍራ ላይ ነው ሊመከት የማይችል ከባድ የሽምቅ ጥቃት የተፈፀመበት። ከባድ የሆነ የሰብአዊና ቁሣዊ ኪሳራ የተከናነበው የጠላት ኃይል፡ አስከሬን ለመሰብሰብ በሚል በአጋም ውሀ አከባቢ ባሉ ተራራማ ስፍራዎች ላይ የዘፈቀደ ድብደባ በመፈፀም የአርሶ አደሮችን ሀብት ንብረት አውድሟል። በጠላት ላይ የተጠናና ሊመከት የማይችለውን የሽምቅ ጥቃት በመፈፀም በርካታ ወታደሮችን በመደምሰስ ድል የተቀዳጁት በአፋብን ቴወድሮስ ዕዝ 201ኛ ኮር የሚገኙ ፋኖዎች መሆናቸውንም ነው ጣቢያችን መረብ ሚዲያ ለማረጋገጥ የቻለው።
የአፋብን ምኒልክ ዕዝ እና አሳምነው ዕዝ አሃዶች በጥምረት ወረኢሉ ከተማና በዙሪያው ድል አስመዘገቡ,Konjit Sitotaw,"February 18, 2026",https://mereja.net/amharic/8377,የአፋብን ምኒልክ ዕዝ እና አሳምነው ዕዝ አሃዶች በጥምረት ወረኢሉ ከተማና በዙሪያው ድል አስመዘገቡ:: አፋብን ምኒልክ ዕዝ እና አፋብን አሳምነው ዕዝ በጋራ በመሆን የአረመኔው አብይ አህመድን ጡት ቁራጭ ኃይል በወረኢሉ እና በሰኞ ገብያ ሁለቱ ዕዞች ከምሽቱ 12:00 ጀምሮ እስከ ሌሊት 7:00 በዘለቀ ውጊያ በጥምረት የጠላትን ምሽግ በአስደናቂ ሁኔታ በመስበር አይቀጡ ቅጣት በመቅጣት ድል ተቀናጅተዋል። ምኒልክ ዕዝ ልጅ ዕያሱ ኮር እና አሳምነው ዕዝ አፄ ዘራያቆብብ 1ኛ ኮር በጥምረት ታሪካዊቷ ወረኢሉ ከተማ እና ሰኞ ገበያ ከተማ ላይ በርካታ የአብይ አህመድ ዙፋን አስጠባቂ መከላከያና ራሱን ጥምር ጦር ብሎ የሚጠራ ሆድ አደር ሙትና ቁስለኛ በማድረግ ድል አስመዝግበዋል:: አመራርና የጦር መኮንኖች ጭምር የተደመሰሱ እንዳሉ የውስጥ ምንጮቻችን የገለፁ ሲሆን ከሞት የተረፉት አንድ አንቡላስና አንድ ኦራል ቁስለኛ ወደ ደሴ ተወስደዋል።በዚህ የተበሳጨው ወንበዴ ቡድን በከተማ ዙሪያ ያሉ ደኖች ፋኖን ይደበቅባቸዋል በሚል ጭንቀት እያቃጠለቸው ይገኛል:: ©በአፋብን ምኒልክ ዕዝ ሕዝብ ግንኙነት መምሪያ!
በአማራ ሳይንት ግንባር ድል ተመዘገበ,Konjit Sitotaw,"February 18, 2026",https://mereja.net/amharic/8375,በአማራ ሳይንት ግንባር ድል ተመዘገበ። የኮሎኔል ደሳለኝ አጃቢም አንድ ጥርጥር ክላሽ እና ማካሮቭ ሽጉጥ ይዞ ወደ ፋኖ ተቀላቅሏል። የአፋብን ምስራቅ አማራ ቀጠና ምኒልክ ዕዝ ንጉሥ ሚካኤል አሊ ኮር አማራ ሳይንት መቅደላ ክፍለ ጦር ታቦር ሻለቃ ፋኖዎች ወደ ጓሜዳ ቀጠና ለመግባት በርካታ ኃይል ከዙ-23 እና ሞርተር ጋር በተሽከርካሪ ጭኖ የመጣውን ጠላት በመመከት በመልሶ ማጥቃት ታሪክ ሰርተዋል። ትናንት ማለትም የካቲት 9 ቀን 2018 ዓ.ም አማራ ሳይንት ወረዳ ውስጥ በተለምዶ መለስ ሳንቃ በር ተብሎ ወደሚጠራው ቦታ በመጠጋት አንድ ዙ23፣ 2 ሞርተር እና 6 ድሽቃ አጥምዶ የታቦር ሻለቃ ፋኖዎችን ጥሶ ለማለፍና ጓሜዳ ታዳጊ ከተማ ለመግባት ያሰበውን የጠላት ኃይል የአማራ ሳይንት አናብስት በጀግንነት ተፋልመው ወደነጣበት የመለሱት ሲሆን በከባድ መሳሪያ በታጀበው በዚህ ትንቅንቅ ከጠላት በኩል ቁጥራቸው ያልታወቀ ወታደሮች ሲቆስሉ የተደመሰሱም እንዳሉ የኮሎኔል ደሳለኝ አጃቢ ተናግሯል። የታቦር ሻለቃ አባላት በፊት ለፊት እና በጀርባ በኩል ተሰልፈው የጠላት ኃይል ላይ ከፍተኛ ሰብአዊ እና ቁሳዊ ጉዳት አድርሰዋል። ከጀርባ በኩል ወደ ሳይንት አጅባር ከተማ በመቅረብ የጎዳ ተብሎ በሚጠራ ቦታ ላይ ጥቃት በመሰንዘር የጠላትን ኃይል ሙትና ቁስለኛ ሲያደርጉት ጠላት የመሸገበትን ቦታ በብርሀን ፍጥነት በመልቀቅ ወደወጣበት ተመልሷል። ውጊያው በፋኖ ድል አድራጊነት እንደተጠናቀቀ የጠላትን ኃይል በመክዳት ወደ ታቦር ሻለቃ የተቀላቀለው የኮሎኔል ደሳለኝ አጃቢ በአማራ ህዝብ ላይ እየተፈፀመ ያለው ግፍ ወደ ፋኖ እንድመጣ ሊያስገድደኝ ችሏል ያለ ሲሆን ሌሎች የቀድሞ ጓዶቹም የውጊያ ሞራል እንደሌላቸው ገልጿል። አጃቢው አክሎም የበፊቱ መከላከያ አሁን ላይ የለም ይልቁንስ አሁን ያለው ህዝብ ጠል እና ዘራፊ እንድሁም ፈሪ ኃይል ነው፤ ይህን ኃይል ደግሞ በቀላሉ ማሸነፍ ይቻላል ሲል ተናግሯል። አፋብን ያወጣውን የምህረት አዋጅ ሰምቶ ወደ ፋኖ መቀላቀሉንም ነው የኮሎኔሉ አጃቢ የተናገረው።©በአፋብን ምኒልክ ዕዝ ሕዝብ ግንኙነት መምሪያ!
ዐብይ አህመድ ዛሬም በንፁኋኖች ላይ የሚፈፅነው የድሮን ጥቃት ተባብሶ ቀጥሏል።,Konjit Sitotaw,"February 18, 2026",https://mereja.net/amharic/8373,ዐብይ አህመድ ዛሬም በንፁኋኖች ላይ የሚፈፅነው የድሮን ጥቃት ተባብሶ ቀጥሏል። የካቲት 10/2018 ዓ/ም በሸዋ የተለያዩ ቦታዎች ላይ የድሮን ቅኝት ሲደረግ ያረፈደ ሲሆን፡ ይፋትና ጥሙጋ አውራጃ በቀወት ወረዳ አያበር ቀበሌ ጤና ጣቢያ ላይ ጥቃት ተፈፅሟል። በጥቃቱ  ሶስት ንፁኃን ሲገደሉ ቀጥራቸው አምስት (5) የሚሆኑ ንፁኋን ደግሞ ከባድ ቁስለኛ ሆነዋል። ከጥቃቱ ሰለባዎች መካከል ሴቶችና ህፃናት ይገኙበታል። በውድቀት ዋዜማው ላይ መሆኑን በመረዳት ተስፋ የቆረጠው የፋሽቱ አብይ አህመድ አገዛዝ ሰሞኑን በሸዋ ጠቅላይ ግዛት ዕዝ ከሰሞኑ በበርካታ ቦታዎች ሽንፈት የተከናነበ ሲሆን የጀግኖቹን በትር መቋቋም አልችል ብሎ የእውር ድንብር የሚያደርገው እንቅስቃሴ በማቆም ከተማ  ተፋስስ ውስጥ ተወሽቆ ያለ ቢሆንም የበቀል ጥማቱን ለመወጣት ንፁሐኖችን ኢላማ ያደረገ ጥቃት እየፈፀመ ነው። በዛሬው ዕለት  ማለትም የካቲት 10/06/2018 ዓ.ም በይፋትና ጥሙጋ አውራጃ በቀወት ወረዳ አያበር ቀበሌ ጤና ጣቢያ ላይ የተፈፀመው የድሮን ጥቃት ምንም አይነት የፋኖ ሰራዊት አባላት በሌለበት፣ውጊያ በሌለበት ፣ ሴቶችና ህፃናት በሚገኙበት ጤና ጣቢያ ላይ  በጭካኔ በተወረወረ የድሮን ቅንቡላ ንፁሃኖች ሠለባ ሆነዋል። በህዝብ ስም እየተበደረ  ያመጣውን የድሮን ቅንቡላ በተስፋ መቁረጥ ውስጥ ሆኖ ንፁሃን ላይ በዘፈቀደ እየወረወረ  ያለው ፋሽታዊው  አገዛዝ በሸዋ ጠቅላይ ግዛት የተለያዩ ቀጠናዎች ተደጋጋሚ የድሮን አሰሳ እያደረገ ስለሆነ ህዝባችን እና ሠራዊታችን ተገቢውን ጥንቃቄ በማድረግ ራሳችንን እንጠብቅ።ምንጭ፦ ከአፋብን ሸዋ ጠቅላይ ግዛት ዕዝሚዲያ እና ኮሙኒኬሽን ክፍል!!
ተጠባባቂ ኃይል ማስመረቁን በመካነሰላም ግንባር የሚንቀሳቀሰው ኢንጅነር ደሳለኝ አሰፋ ክፍለ ጦር ገለፀ!!,Konjit Sitotaw,"February 18, 2026",https://mereja.net/amharic/8371,ተጠባባቂ ኃይል ማስመረቁን በመካነሰላም ግንባር የሚንቀሳቀሰው ኢንጅነር ደሳለኝ አሰፋ ክፍለ ጦር ገለፀ!! የአፋብን ምስራቅ አማራ ቀጠና ምኒልክ ዕዝ ንጉሥ ሚካኤል አሊ ኮር ኢንጅነር ደሳለኝ አሰፋ ክፍለ ጦር በተለያዩ ቀበሌዎች ውስጥ ከሚኖሩ የግል ታጣቂዎች መካከል ፍቃደኛ የሆኑትን በመመልመል ወታደራዊ እና የፓለቲካ ስልጠና እንድወስዱ በማድረግ በተጠባባቂ ኃይልነት ማስመረቁ ታውቋል:: የአማራ ህዝብ ላይ የተደቀነውን የህልውና አደጋ ለመቀልበስ እና ኢትዮጵያም እንደ ሀገር ፀንታ እንድትኖር ለማስቻል የኢንጅነር ደሳለኝ አሰፋ ክፍለ ጦር ተጠባባቂ ኃይልን ለመቀላቀል ወስነው ስልጠናውን መውሰዳቸውን የገለፁት ተመራቂዎች በመካነሰላም ግንባር ብቻ የተፈፀመው የግፍ ግፍ እኛ ቤት እንዳንውል የሚያደርግ ነው ሲሉ ተናግረዋል:: ተመራቂዎች አክለውም የተጀመረው የህልውና ትግል ፅናትን እንደሚጠይቅ እናውቃለን ያሉ ሲሆን ጠብመንጃ የነከሱበትን ወርቃማ አላማ ሁሌም እያስታወሱ በፅናት እና በጀግንነት ለአማራ ህዝብ ዘብ እንደሚቆሙ አረጋግጠዋል:: ነፃነት በነፃ ስለማይገኝ ሁሉም አማራ የበኩሉን ድርሻ ሊወጣ እንደሚገባም ነው ተመራቂዎች የገለፁት:: የኢንጅነር ደሳለኝ አሰፋ ክፍለ ጦር ስልጠና ዘርፍ ኃላፊ ኮማንዶ ጀንበሩ ጌታቸው እና የክፍለ ጦሩ አባል የሆነው ኮማንዶ ጠለለው አሰፌ እንድሁም የንጉሥ ሚካኤል አሊ ኮር ኦርድናንስ አርበኛ በፍቃዱ ገንብር ከምኒልክ ዕዝ ትምህርትና ስልጠና መምሪያ ጋር በመተባበር ወታደራዊ ስልጠናውን የሰጡ ሲሆን የተጠባባቂ ኃይሉ አባላትን የፓለቲካ ንቃተ ህሊና ለማሳደግ የሚያስችላቸው ስልጠና ደግሞ ከዕዙ ትምህርትና ስልጠና መምሪያ በመጣ አካል እንድሰጥ ተደርጓል::©በአፋብን ምኒልክ ዕዝ ሕዝብ ግንኙነት መምሪያ!
የአማራ ማህበራት የጋራ ጉባኤ (CAAS)  በወቅታዊ ጉዳዮች ዙሪያ የተሰጠ መግለጫ,Konjit Sitotaw,"February 18, 2026",https://mereja.net/amharic/8369,  
” ሰላም ፈላጊ ነን ማለት ግን ራሳችንን የመከላከል ፍላጎት የለንም ማለት አይደለም ”  – የትግራይ ክልል ጊዜያዊ አስተዳደር ፕሬዚዳንት,Konjit Sitotaw,"February 18, 2026",https://mereja.net/amharic/8367,” ሰላም ፈላጊ ነን ማለት ግን ራሳችንን የመከላከል ፍላጎት የለንም ማለት አይደለም ”  – የትግራይ ክልል ጊዜያዊ አስተዳደር ፕሬዚዳንት በምርጫ ቦርድ የተሰረዘው ህወሓት የተመሠረተበትን 51ኛ ዓመት (የካቲት 11) በዓል ምክንያት በማድረግ ዛሬ የካቲት 10 ቀን 2018 ዓ.ም ምሽት በመቐለ ከተማ በሚገኘው የሰማዕታት መታሰቢያ ሐውልት ሥር የአበባ ጉንጉን የማስቀመጥና የሻማ ማብራት ሥነ-ሥርዓት ተከናውኖ ነበር። በዚሁ መርሐ-ግብር ላይ የተገኙት የጊዜያዊ አስተዳደሩ ፕሬዝዳንት ሌ/ጀ ታደሰ ወረደ እና የሕወሓት ሊቀመንበር ደብረፅዮን ገብረሚካኤል (ዶ/ር) በትግራይ ወቅታዊ ሁኔታ ዙሪያ ሲናገሩ ተደምጠዋል። የጊዜያዊ አስተዳደሩ ፕሬዝዳንት ሌ/ጀ ታደሰ ወረደ በትግራይ ሕዝብ ላይ የደረሰውን የጦርነት ጠባሳ በማስታወስ ንግግራቸውን የጀመሩ ሲሆን ቀሪ ጥያቄዎች በሰላም እንዲፈቱ ያላቸውን ጽኑ ፍላጎት ገልጸዋል። ተፈናቃዮችን መመለስ እና የትግራይን ግዛታዊ አንድነት ማረጋገጥ ” ህጋዊ፣ ፍትሃዊ እና ብሔራዊ የትግራይ ህዝብ ጥያቄዎች ናቸው ” ብለዋል። እነዚህን ጥያቄዎች በፖለቲካዊ ውይይት ለመፍታት አስተዳደራቸው የሚችለውን ሁሉ እንደሚያደርግ ተናግረዋል። ” ባለፈው ጦርነት ከባድ ውድመት ደርሶብናል ” ያሉት ፕሬዝዳንቱ ተጨማሪ መስዋዕትነትና የአካል ጉዳት ሳይከተል ለቀሪ ጥያቄዎች መፍትሔ እንዲመጣ እንደሚሠሩ ገልጸዋል። ሰላም ፈላጊነታቸው ድክመት እንዳልሆነ ሲያስረዱም ፥” ሰላም ፈላጊ ነን ማለት ግን ራሳችንን የመከላከል ፍላጎት የለንም ማለት አይደለም ” ብለዋል። ” የሚቻለንን ሁሉ ሰርተን ጦርነት በማስቀረት የተረበሸውን ህዝባችንን እንዲረጋጋ እንሰራለን ” ሲሉም ተደምጠዋል። በሌላ በኩል የሕወሓት ሊቀመንበር ዶ/ር ደብረፅዮን ገብረሚካኤል በፌዴራል መንግሥቱ ላይ ጥብቅ የትችትና የክስ መልዕክት ሰንዝረዋል። ” የፕሪቶሪያው የሰላም ስምምነት ከተፈረመ ሦስት ዓመታት ቢያልፉም፣ ስምምነቱ በተሟላ መልኩ ባለመተግበሩ ሕዝቡ አሁንም በመከራ ውስጥ ይገኛል ” ሲሉ ገልጸዋል። ” የፌዴራል መንግሥት የሰላም ስምምነቱን በመጣስ በትግራይ ላይ ተኩስ ከፍቷል ” የሚል ክስም ሰንዝረዋል። ” በትግራይ ላይ ያንዣበበው አደጋ በውይይት የማይፈታ ከሆነ የትግራይ ሕዝብ ህልውናውን ለማስቀጠል ወረራን የመመከትና ራሱን የመከላከል ግዴታ ውስጥ ይገባል ” ሲሉ ተደምጠዋል። የሁለቱ መሪዎች ንግግር በትግራይ ክልል እና በፌዴራል መንግሥት መካከል ያለው ግንኙነት ዳግም ወደ ውጥረት እያመራ መሆኑን በግልጽ ይጠቁማል ተብሏል።
ኦነግ፣ ‘በአገሪቱ ከመቼውም ጊዜ በላይ የጦርነት ደመና አንዣቧል’ ሲል ስጋቱን ገለጠ,Konjit Sitotaw,"February 18, 2026",https://mereja.net/amharic/8365,ኦነግ፣ ‘በአገሪቱ ከመቼውም ጊዜ በላይ የጦርነት ደመና አንዣቧል’ ሲል በወቅታዊ አገራዊ ጉዳዮች ዙሪያ ትናንት ባወጣው መግለጫ ስጋቱን ገለጠ። ኦነግ፣ ከፊት ለፊት እየመጣ ነው ላለው “ጥፋት” መንግሥት አጽንዖት ሠጥቶ በመመልከትና ችግሮችን ከኃይል ይልቅ እውነተኛ የሆነ ፖለቲካዊ ውይይት ከባለድርሻ አካላት ጋር በማድረግ አገሪቷን ከጥፋት ሊታደጋት ይገባል ሲል ጥሪ አድርጓል። በአፍሪካ ቀንድ አካባቢ ይስተዋላል ያለው የጦርነት አደጋ በእጅጉ እንዳሳሰበው የጠቀሠው ኦነግ፣ የአገሪቱና የሕዝቦቿ የደኅንነት ሁኔታም ከእለት እለት ፈተና ውስጥ እየገባ ይገኛል ብሏል። ዓለማቀፉ ኅብረተሰብ፣ የሰብዓዊ መብት ተሟጋች ድርጅቶች፣ የውጭ ኤምባሲዎች፣ ዲፕሎማቶች እንዲሁም የፖለቲካ ሰዎች በአገሪቱ የተከሠተው “ውጥረት” በሰላማዊ መንገድ ብቻ የሚፈታበትን መንገድ እንዲያፈላልጉ ኦነግ በዚሁ መግለጫው ጠይቋል።
ዓለማቀፉ የጋዜጠኞች መብት ተሟጋች (ሲፒጄ)፣ የኢትዮጵያ ባለሥልጣናት ያገዱትን የሮይተርስ ዜና ወኪል ሦስት ጋዜጠኞች የሥራ ፍቃድ እንዲመልሱ ጠየቀ።,Konjit Sitotaw,"February 18, 2026",https://mereja.net/amharic/8362,ዓለማቀፉ የጋዜጠኞች መብት ተሟጋች (ሲፒጄ)፣ የኢትዮጵያ ባለሥልጣናት ያገዱትን የሮይተርስ ዜና ወኪል ሦስት ጋዜጠኞች የሥራ ፍቃድ እንዲመልሱ ጠየቀ። ሲፒጄ፣ መንግሥት ሮይተርስ ላይ የወሠደው ርምጃ፣ በዓለማቀፍ እና ነጻ መገናኛ ብዙኀን ላይ ሲወስድ የቆየው “አፋኝ ርምጃ” ቀጣይ ነው በማለት ተችቷል። የሮይተርስ ጋዜጠኞች ፍቃድ እና ዜና ወኪሉ በአዲስ አበባ ከቀናት በፊት የተካሄደውን የአፍሪካ ኅብረት የመሪዎች ጉባኤ እንዲዘግብ የተሠጠው ፍቃድ የተነጠቀው፣ ኢትዮጵያ ለሱዳን ፈጥኖ ደራሽ ኃይል ወታደራዊ ማሠልጠኛ አቋቁማለች በማለት ሮይተርስ የምርመራ ዘገባ በመስራቱ እንደሆነ የኢትዮጵያ መገናኛ ብዘኀን ባለስልጣን “ይፋዊ ባልሆነ መንገድ” ጠቁሟል ሲል የዜና ወኪሉ ቀደም ሲል ገልጦ ነበር። የሲፒጄ የአፍሪካ ፕሮግራም ዳይሬክተር ሙቶኪ ሙሞ፣ ባለሥልጣናት በሌሎች መገናኛ ብዙኀን ላይ የጣሏቸውን ገደቦች እንዲያነሱና ነጻ ጋዜጠኝነትን እንደ ስጋት ማየት እንዲያቆሙ ጠይቀዋል።
የትግራይ ጊዜያዊ አስተዳደር፣ የትግራይ ሕዝብ ከእንግዲህ “ጭቆና” እና “ግፍ” ፈጽሞ እንደማይቀበል ማረጋገጥ እንፈልጋለን አለ።,Konjit Sitotaw,"February 18, 2026",https://mereja.net/amharic/8360,የትግራይ ጊዜያዊ አስተዳደር፣ የትግራይ ሕዝብ ከእንግዲህ “ጭቆና” እና “ግፍ” ፈጽሞ እንደማይቀበል ማረጋገጥ እንፈልጋለን አለ። ጊዜያዊ አስተዳደሩ ይህን ያለው፣ “ብሄራዊ አንድነት የራስን እድል በራስ የመወሠን መብትን ለማረጋገጥ” በሚል መሪ ቃል የሚከበረውን ሕወሃት የትጥቅ ትግል የጀመረበትን 51ኛ ዓመት በዓል አስመልክቶ ዛሬ ባወጣው መግለጫ ነው። ጊዜያዊ አስተዳደሩ፣ ባለፉት አምስት ዓመታት የትግራይ ሕዝብ የታገለለት ሰላም እና በትግሉ የገነባው ፌደራላዊ ሥርዓት አደጋ ላይ ወድቀዋል ብሏል። የትግራይ ሕዝብ፣ የትግራይን ግዛታዊ አንድነት ለማረጋገጥ፣ የታጠቁ ኃይሎችን ከትግራይ ለማስወጣት፣ ተፈናቃዮች ደኅንነታቸው ተጠብቆ ወደ ቀያቸው እንዲመለሱ ለማስቻል እንዲሁም የግጭት ማቆም ስምምነቱ “ሙሉ በሙሉ” እና “ሊረጋገጥ በሚችል” መልኩ እንዲተገበር እንዲታገልም ጊዜያዊ አስተዳደሩ ጥሪ አድርጓል።
ከመገናኛ አንስቶ እስከ ደብረብርሃን ነባር የአማራ ይዞታዎችን የማፍረስና አማራዎች እየተለዩ ልዩ የማቆያ ስፍራ ተወስደው የሚመረመሩበት እቅድ ተነድፎ ወደ ስራ ሊገባ መሆኑ ታወቀ።,Konjit Sitotaw,"February 18, 2026",https://mereja.net/amharic/8357,ከመገናኛ አንስቶ እስከ ደብረብርሃን ነባር የአማራ ይዞታዎችን የማፍረስና አማራዎች እየተለዩ ልዩ የማቆያ ስፍራ ተወስደው የሚመረመሩበት እቅድ ተነድፎ ወደ ስራ ሊገባ መሆኑ ታወቀ። ከመገናኛ አንስቶ፣ ኮተቤ፣ ካራ፣ ለገጣፎ፣ ሰንዳፋ፣ አሌልቱ፣ ሸኖ ፣ ጫጫ አድርጎ ደብረብርሃን ድረስ የሚዘልቀው ይህ አማራውን ነባር ይዞታ የማሳጣትና ባለፉት አመታት የገነባውን ማሕበራዊ ትስስር የመበጠስ እንቅስቃሴ ለበርካታ ወራት አገዛዙ የፀጥታና ደህንነት የጋራ ግበረ ኃይል ብሎ የሚጠራቸው መከላከያ፣ የኢንፎርሜሽን መረብ ደህንነት (ኢንሳ) ፣ አዲስ አበባ ፖሊስ፣ የፌደራል ፖሊስ፣ የብሔራዊ መረጃና ደህንነት አገልግሎት በተውጣጣ ኮሚቴ ሲሰራበት ቆይቶ ወደ ትግበራ ሊገባ መሆኑ ነው የተሰማው። በሬድዋን ሁሴንና በትዕግስት ሀሚድ በበላይነት የሚመራው ይህ አማራውን አንገት ለማስደፋት የሚደረግ እንቅስቃሴ፣ ከነባር ይዞታው ከማባረር ከማፈናቀል ባሻገር እስከ ሀብት ንብረቱን ማሳጣት፣ በሕጋዊ መንገድም ቢሆን የታጠቀውን መሳሪያ ማስፈታት ድምፅ አልባ መሳሪያን ጨምሮ መንጠቅ የሚሉት እንደሚገኙበት ኢትዮ 251 ሚዲያ ሰምታለች። እነዚህ የተለዩት አካባቢዎች ፋኖ ወደ አዲስ አበባ ጉዞ ቢጀምር መንገድ ጠራጊና ደጀን ሆነው የሚያገለግሉ ናቸው ተብሎ በጥናቱ እንደቀረበ ለማወቅ ተችሏል። ባለፉት ጊዜያት ሸዋ ላይ ኢንተርኔትና የስልክ ግንኙነት አቋርጦ ኤሊት ፎርስ የሚለውን በሔሊኮፍተር አስገብቶ ዘመቻ ያደረገው የዚሁ እቅድ አንዱ አካል እንደሆነ ምንጮች አክለው ለኢትዮ 251 ሚዲያ ገልፀዋል። ከአዲስ አበባ በቅርብ ርቀት የሚገኘውንና ሸዋ ላይ የሚንቀሳቀሰውን ፋኖ ቢቻል ሙሉ ለሙሉ ማጥፋት ካልተቻለ ግን ማዳከምና ስጋት ከማይሆንበት ደረጃ ማድረስ የእቅዱ አንዱ አካል እንደሆነ ታውቋል። ኢትዮ 251 ሚዲያ
“ልፋፈ ጽድቅ” በቀሲስ አስተርአየ ጽጌ,Meheret Setegn,"February 16, 2026",https://mereja.net/amharic/8350,ባለፈው ሳምንት “ኢትዮጵያን ትፏት” ላሉት ለአባ ሠረቀ ወ/ሳሙኤል ቀሲስ አስተርአየ ጽጌ የጻፏትን ጦማር አቅርበንላችሁ ነበር፡፡ ቀሲስ አስተርአየ ተዝቆ ከማያልቀው ዕውቀታቸውና ክህሎታቸው ቆንጠር አድርገው  በተለያዩ ርዕሶች ካዘጋጇቸውና ከሰበሰብናቸው ጦማሮች መካከል ለፓትርያርኩ የጻፏትን አገኘን፡፡ በጦማሯ የተላለፈው መልእክት ከ70 ሚሊዮን በላይ ከሚቆጠረው ምዕመናን በበለጠ ሁኔታ ጳጳሶችን፣ ቄሶችንና ሰባኪዎችን ወደ የሕሊናቸው እንዲመለሱ እንደሚረዳቸው ጥርጥር የለውም፡፡ ጥንታዊቷ ቤተ ክርስቲያናችን በቀኖናዋና በስነ መለኮት አተረጓጎሟ ሳትወሰን በአልባሳቱም የምታስተምርበትን ሳይማሩና ሳይረዱ በቤተ ክህነቱ የተሰገሰጉት ቁጥራቸው እንደበዛ የታወቀ ነው፡፡ globalization ጎትቶ ባመጣቸው በተለየያዩ የሃይማኖት ትምህርቶች ጭንቅላታቸው የዞረባቸውና የተምታታባቸው ዘመናውያን ነጋዴ ሰባኪዎች ሊቃውንቱ ተለይተው ይጠሩባቸው የነበሩትን የማዕረግና የክብር ስሞች ላይ ዓላማዊ ደረጃዎችን እንደ ዶክተርነትና ፕሮፌሰርነት ሳይቀሩ ደራርበው ተሸክመው ሕዝበ ክርስቲያኑን በማመስ ላይ ናቸው፡፡“ከመጠምጠም መማር ይቅደም”የሚባለውን ለዘመናት በቤተክርስቲያኒቷ ሲሰራበት የነበረውና በቤተርስቲያኒቱ አስተምሮ የመጠቁና የላቁ ሊቃውንት እንኳን ማዕረግ ሲሰጣቸው “አይገባንም እያሉ” ይሸሹ የነበረበት መልካም ዘመን አልፎ ሁለት መስመር እንኳን ቅኔ መቋጠርና መቀኘት የማይችለው ግብስብስ ሁሉ በካባ ተኮፍሶ ቤተ ክርቲያንን እንደ ምስጥ እየበላት ነው። ብዙ የተደራረቡ ሹመቶች ከተሸከሙት ከፓትርያርኩ ጀምሮ ከራሳቸው እስከ እግር ጣቶቻቸው የተጠቀለሉባቸውን የአልባሳት ትርጉም ሳይረዱ ወደ ኃላፊነቱ ለመጡት ሁሉ ኃላፊነታቸውን እንዲወጡ“ልፋፈ ጽድቅ”በሚል ርዕስ ቀሲስ አስተርአየ ያቀረቧትን ጦማር አቀረብንላችሁ ፡፡ በተለይ ሊቃነ ጳጳሳት፣ ቆሞሳት፣ ቀሳውስትና ሰባኪዎች አንብቧት፣ ተረዷት እራሳቹህንም ታዘቡባት፡፡ልፋፈ ጽድቅ በቀሲስ አስተርአየ ጽጌ
ከጦር ግንባር የተቀረፀ! አስፈሪው ኮማንዶ ዝግጅቱን ጨረሰ! …ግስጋሴው ተጀመረ/ፊሽካው ተነፋ!,Konjit Sitotaw,"February 16, 2026",https://mereja.net/amharic/8348,
ሰራዊቱ ወሳኝ ቀጠናዎቹን ለቆ ወጣ!ደግም የክተት ጥሪ ተላለፈ ………. ደምቢያ ጭልጋ ደብረማርቆስ ወረታ ሻሁራ ደልጊ,Konjit Sitotaw,"February 16, 2026",https://mereja.net/amharic/8346,
የጎንደር ባህርዳር መስመሩ ውጊያ …. የደብረማርቆሱ ኦፕሬሽን…. የዝዋይ ሞጆው ጦርነት,Konjit Sitotaw,"February 16, 2026",https://mereja.net/amharic/8344,
ከወረታ ወደ ባህርዳር ተጀመረ! ….  የጥይት ዲፖው ተሰብሯል,Konjit Sitotaw,"February 16, 2026",https://mereja.net/amharic/8341,
አየር ድብደባ በአራት ግንባሮች ተፈጸመ!….. ወረታ! ምንጃር! ጃዊ! ደብረታቦር! ዛለንበሳ!,Konjit Sitotaw,"February 16, 2026",https://mereja.net/amharic/8339,
ጎንደር ባሕርዳር መንገድ ተዘጋ! ከባድ ውጊያ ተቀሰቀሰ …. አዳዲስ አሁናዊ ዝርዝር መረጃዎችና ዘገባዎች!,Konjit Sitotaw,"February 16, 2026",https://mereja.net/amharic/8337,
እኚህ ጳጳስ ከኢትዮጵያ አልፈው አሜሪካ አካውንት ከፍተው ይህንን ያህል ቤተክርስቲያን ሲመዘብሩ ማየት ፣ ዝም ብሎ መመልከት ነውርም ፣ አድር ባይነትም ነው,Konjit Sitotaw,"February 16, 2026",https://mereja.net/amharic/8335,
የኤርትራ ጦር እንቅስቃሴና ጄ/ል ፃድቃን……… የዐቢይ ወደብ “ቦሌና ባሌ“,Konjit Sitotaw,"February 16, 2026",https://mereja.net/amharic/8333,
የተባባሰው ውጊያና የአገዛዙ ጦር,Konjit Sitotaw,"February 16, 2026",https://mereja.net/amharic/8331,
የወረታው ድል ከተማዋን ፋኖ ተቆጣጥሯል … ፋኖ ስለ መቀሌና አስመራ … ብልፅግናን ያጋለጡት ጋዜጠኞች,Konjit Sitotaw,"February 16, 2026",https://mereja.net/amharic/8329,
ተስፋ የቆረጠው አገዛዙ በወረታ ከተማ ተከታታይ የሆነ የሰው አልባ አውሮፕላን ድብደባ እየፈፀመ መሆኑ ተሰምቷል!,Konjit Sitotaw,"February 16, 2026",https://mereja.net/amharic/8327,በእግረኛ ሰራዊቱ ተስፋ የቆረጠው አገዛዙ በአሁን ሰዓት በወረታ ከተማ ተከታታይ የሆነ የሰው አልባ አውሮፕላን ድብደባ እየፈፀመ መሆኑ ተሰምቷል! በከተማዋ ከረፋድ ጀምሮ የድሮን ቅኝት እየተደረገ መሆኑን ጣቢያችን መረብ ሚዲያ ከሰዓታት በፊት ባወጣው ዘገባ መግለፁ አይዘነጋም። አገዛዙ በከተማዋ እየፈፀመ የሚገኘው የድሮን ጥቃት የሕዝብ መገልገያ ተቋማት እና መኖሪያ ቤቶች ላይ ያነጣጠረ ነው። ፋኖ ከክልሉ ርዕሰ መዲና ባሕርዳር ከተማ በ55km ርቀት በምትገኘው ወረታ ከተማ ላይ ዛሬ የካቲት 08/2018 ዓ/ም ከንጋት ጀምሮ ባደረገው ከባድ ተጋድሎ የጠላት ምሽጎችን በመስበርና በርካታ የጠላት ኃይልን በመደምሰስ ከተማዋን በቁጥጥሩ ስር አስገብቷል። ከንጋት ጀምሮ በርካታ እግረኛ ወታደሮቹ የተደመሰሱበትና ከተማዋም በፋኖ ቁጥጥር ስር የገባችበት አገዛዙ፡ ንፁኋንን እና የሕዝብ መገልገያ ተቋማትን እንዲሁም መኖሪያ ቤቶችን ያነጣጠረ የድሮን ጥቃት እየፈፀመ ይገኛል። ከፋኖ ጋር የእጅ በእጅ ውጊያ አድርጎ ማሸነፍ ያልቻለው አገዛዙ፡ ንፁኋን ላይ እና የሕዝብ መገልገያ ያተቋማት ላይ ያነጣጠረ ጥቃት በመፈፀም፡ የፋኖ ኃይል በንፁኋን ላይ የሚፈፀመውን ጭፍጨፋ ለማስቆም ሲል ከተሞችን ለቆ እንዲወጣ ማስድረግ የሚል እቅድ ነድፎ እየሰራ ነው ሲሉ የመረብ ሚዲያ ወታደራዊ ምንጮች ገልፀዋል።
የጎንደሩ ድል የብልፅግናን አቅል አስቶታል: ሙሉ ወታደራዊ ስምሪቱ ተዛብቷል።,Konjit Sitotaw,"February 15, 2026",https://mereja.net/amharic/8325,
ሶስት የአሜሪካ ህግ አውጪዎች ኤምሬትስ ላይ የጦር መሳርያ ማእቀብ እንዲጣል እንቅስቃሴ ጀመሩ,Konjit Sitotaw,"February 15, 2026",https://mereja.net/amharic/8318,ኤምሬትስ ኢትዮጵያ ውስጥ ወታደራዊ ካምፕ መገንባቷ ይፋ መሆኑን ተከትሎ ሶስት የአሜሪካ ህግ አውጪዎች ኤምሬትስ ላይ የጦር መሳርያ ማእቀብ እንዲጣል እንቅስቃሴ ጀመሩ “RSF ኤል ፋሸር ውስጥ በሶስት ቀን ውስጥ ብቻ ስድስት ሺህ ንፁሀንን ገድሏል። የትራምፕ አስተዳደር ታድያ ምን እየጠበቀ ነው?”- ሴናተር ክሪስ ቫን ሆለን ተጨማሪ ያንብቡ:https://www.meseretmedia.org/p/e26
ቁስለኛ የሀምዳን ዳጋሎ ወታደሮች በድሬዳዋ ሕክምና እየተደረገላቸው መሆኑ ተሰምቷል,Konjit Sitotaw,"February 15, 2026",https://mereja.net/amharic/8316,ቁስለኛ የሀምዳን ዳጋሎ ወታደሮች በድሬዳዋ ሕክምና እየተደረገላቸው መሆኑ ተሰምቷል! ወታደሮቹ ከሳምንታት በፊት የሱዳን መንግስት በኢትዮጵያ ድንበር አቅራቢያ ላይ የአየር ጥቃት በመፈፀም ጉዳት ያደረሰባቸው መሆናቸውን ወታደራዊ ምንጮች ገልፀዋል።https://miniliksalsawi.substack.com/p/wounded-sudan-rsf-hamdan-dagalo-soldiers
ከአፋብን ምኒልክ ዕዝ የጤና መምሪያ የተሰጠ ወቅታዊ መግለጫ,Konjit Sitotaw,"February 15, 2026",https://mereja.net/amharic/8314,ከአፋብን ምኒልክ ዕዝ የጤና መምሪያ የተሰጠ ወቅታዊ መግለጫ ፍፁም ሰብአዊ በሆነው የጤና ሙያ ውስጥ የምትገኙ ወንድሞቻችን/እህቶቻችን ኑ ተጋግዘን ኢ-ሰብአዊ የሆነውን ሥርአት እንቀይር! አማራ ተኮር የሆነው የዘር ማጥፋት ጦርነት በተለየ መልኩ በይፋ ከታወጀበት ጊዜ ጀምሮ የጤና ተቋማት፣ የጤና ሙያተኞች እና የጤና አገልግሎት የፋሽስታዊዩ ሥርአት አይነተኛ ኢላማዎች በመሆናቸው ሥርአቱ ህክምና መከልከልን እንደጦር መሣሪያ እንደሚጠቀም ግልፅ ማስረጃዎች ናቸው። ሥርአቱ ጤና ተቋማትና ግብአቶቻቸው ላይ የሚፈፅመው የጦርና የሠብአዊ መብት ጥሰት ወንጀሎች አለም ያወቃቸውና ፀሐይ የሞቃቸው ጉዳዮች በመሆናቸው እነኚህን ጉዳዮች አሁን ላይ ደግሞ መናገር ለአብዛኞቻችሁ ለቀባሪ መርዶ እንደመናገር እንደሚሆን አያጠያይቅም። ዘይግይቶም ቢሆን ግን የአለም ጤና ድርጅትም ሳይቀር የህዝባችንን የህልውና ችግርና የጤና አገልግሎቱ የገጠመውን ሥርአት መር ፈተና  መረዳቱን በዋና ዳይሬክተሩ በኩል የዶ/ር ፀጋሁን ስሜን የግፍ ግድያን ተከትሎ በመግለፁ ሥርአቱ የሞት ጣር ላይ መድረሱን በግልፅ አመላክቷል። በዚህ አጋጣሚ ዶ/ር ፀጋሁንን የመሠለ የህክምና ዶክተር ለማፍራት በትንሹ ሩብ ክፍለዘመን የሚጠይቅ መሆኑን እንድታውቁት እና በህዝባችን ላይ ምን ያክል ቀጥተኛና ቀጥተኛ ያልሆነ የዘር ማጥፋት እንደሚፈፀም እንድትረዱት አንፈልጋለን። ለዶ/ር ፀጋሁን ቤተሠቦችና ወዳጆች ሁሉ መፅናናትን እንመኛለን። ጥያቄው ይህ ዘግናኝ ወንጀል እስከመቼ እና ስንት ሙያተኞቻችን እስከሚያልቁ ቁጭ ብለን እንመለከታለን? ነው። ከመቼውም ጊዜ በላይ የተጠናከረው እና መንግስትን ተክቶ አገር የመምራት ቁመና ላይ የሚገኘው ድርጅታችን የአማራ ፋኖ ብሔራዊ ንቅናቄም ይሁን ዕዛችን የጤና ሙያተኞቻችን ላይ ኢ-ሰብአዊ ድርጊት የፈፀሙ የአሸባሪው ስርአት አባላት ላይ እርምጃ እንዲወስድ ወይም በአለም አደባባይ ለፍርድ እንዲያቀርብልን የምኒልክ ዕዝ ጤና መምሪያ አበክሮ ይጠይቃል። በመጨረሻም ምንም አይነት ከለላ ሊሠጣችሁ የሚችል ሀይልም ይሁን ሥርአት በሌለበት በአሸባሪው መንግስት ቀጠና ውስጥ ሆናችሁ ይህን ሁሉ ግፍና መከራ የምትቀበሉ የሙያ ጓዶቻችን ኑ ተጋግዘን ይህን አስከፊ ሥርአት በጋራ እንቀይር እያለ የምኒልክ ዕዝ ጤና መምሪያ የተለመደ ጥሪውን ያቀርብላችኋል።
መልእክተ ቅዱስ ፓትርያርክ … ወልበሱ ወልታ እግዚአብሔር በዘትክሉ ተቃውሞቶ ለመናግንተ ሰይጣን,Konjit Sitotaw,"February 15, 2026",https://mereja.net/amharic/8312,“መልእክተ ቅዱስ ፓትርያርክ”===================በስመ አብ ወወልድ ወመንፈስ ቅዱስ አሐዱ አምላክ አሜን!! በሀገር ውስጥና በልዩ ልዩ ክፍለ ዓለማት የምትገኙ ሕዝበ ክርስቲያን በሙሉ፡- በመዋዕለ ጾሙ ሰይጣንንና መስሓቲ ተግባሩን ድል በማድረግ ድል እንድንነሣ ያደረገን ጌታችን ኣምላካችንና መድኃኒታችን ኢየሱስ ክርስቶስ እንኳን ለሁለት ሺሕ ዓሥራ ስምንት ዓመተ ምሕረት ጾመ ኣርብዓ በሰላም አደረሰን አደረሳችሁ!!‹‹ወልበሱ ወልታ እግዚአብሔር በዘትክሉ ተቃውሞቶ ለመናግንተ ሰይጣን፤   የሰይጣንን ሽንገላ መቃወም ትችሉ ዘንድ የእግዚአብሔርን ጋሻ ልበሱ›› (ኤፌ.፮፥፲፩) እኛ ሰዎች ቀዋሚና ምሕረት የለሽ ጠላት እንዳለን እናውቃለን። ይህ ጠላት ሰይጣን፣ ዲያብሎስ፣ክፉ መንፈስ፣ ርኩስ መንፈስ ተብሎ እንደሚጠራም ቅዱስ መጽሐፍ ነግሮናል። ዲያብሎስ ከጥንት ጀምሮ በክፉ ሽንገላው ሰዎችን ሲጥል ኖሮኣል። አሁንም ከዚህ ክፉ ተግባሩ አልታቀበም። ለወደፊቱም ይታቀባል ተብሎ አይጠበቅም። ጌታችን በዚህ ዓለም በሥጋ በተገለጠ ጊዜም ይህ ክፉና ርኩስ መንፈስ በሽንገላ ቃሉ ጌታችንን ሊጥል ያልተሳካ ሙከራ አድርጎአል፡፡ ርኩሱ መንፈስ ጾም መንፈሳዊ ኃይልን እንደሚያቀዳጅ ያውቃልና፣ ጌታችን ምንም ሳይበላና ሳይጠጣ ኣርባ ቀንና አርባ ሌሊት መጾሙን ተመልክቶ፣ በሽንገላ ቃሉ ሊጥለው ሙከራ አድርጎአል። ይህንን ያደረገበት ዋና ምክንያትም ጾም መንፈሳዊ ኃይል መሆኑን በውል ያውቃልና በጾም ኃይል ከእጄ ያመልጣል ብሎ በማሰቡ ነው። ይሁን እንጂ ሰይጣን የሰውን ደካማ ጠባይ በመጠቀም ያስለመደው ሽንገላ በተዋሕዶ ሰውም አምላክም በሆነው ጌታችን ላይ ሊሳካለት ባለመቻሉ ተሸንፎና ተስፋ ቆርጦ ሊሄድ ችሎአል፡፡ የተወደዳችሁ ሕዝበ ክርስቲያን ልጆቻችን!የጌታችን ድል አድራጊነት ያስተማረን ብዙ ነገር አለ። በዚህ ተግባራዊ ትምህርቱ እኛ ጥንተ ጠላታችን ዲያብሎስን ድል የምናደርግባቸው ሁለት መሣሪያዎችን በዋናነት አሳይቶናል። እነሱም የእግዚአብሔርን ጋሻ መልበስና በጾም መንፈሳዊ ኃይልን መቀዳጀት ናቸው፡፡ ሁሌም እንደምንማረው በውስጣችን ሁለት ተቃራኒ ነገሮች አሉ። እነሱም ፍትወተ ሥጋና ፍትወተ መንፈስ ናቸው። እነኝህ ሁለት ነገሮች አንዱ ላንዱ ፍጹም ተቃራኒ መሆናቸውን ቅዱስ መጽሐፍ እንዲህ በማለት ያስረዳል። “እስመ ሥጋኒ ይፈቱ ዘኢይፈቱ መንፈስ፤ ወመንፈስኒ ይፈቱ ዘኢይፈቱ ሥጋ፤ ወይትአበዩ በበይናቲሆሙ ከመ ኢትግበሩ ዘትፈቅዱ፤ ወባሕቱ እብለክሙ በመንፈስ ሑሩ ወፍትወተ ሥጋክሙ ኢትግበሩ” ማለትም “ሥጋ መንፈስ የማይወደውን ይወዳል። መንፈስም ሥጋ የማይወደውን ይወዳል። እርስ በርሳቸውም ይቀዋወማሉ። ስለዚህም የምትወዱትን ልታደርጉ አትችሉም። ነገር ግን እላለሁ በመንፈስ ተመላለሱ የሥጋን ምኞት ግን ከቶ አትፈጽሙ” (ገላ.፭÷፲፮‐፲፰)፡፡ እነኝህ የውስጣችን ጠባዮች በዚህ ደረጃ እርስ በርስ የሚቃረኑ መሆናቸው ለምናስተውላቸው በግልጽ የሚታወቁ ናቸው። ከዚህ አንጻር ሰይጣን ይህንን ክፍተት ተጠቅሞ የሥጋችንን ፍላጎት እንድንከተል ይገፋፋናል። መሣሪያዎቹ ደግሞ ፍቅረ መባልዕት፣ ፍቅረ ንዋይና ፍቅረ ሢመት ናቸው። ይህም በመሆኑ ነው ሰይጣን በነዚህ ጌታችንን ሊሸነግለው የሞከረው። ይሁንና ጌታችን እነኝህን የሽንገላ መሣሪያዎች ሰባብሮ ጥሎአቸዋል። የጣላቸውም በጾምና በእግዚአብሔር ቃል ነው። ጾም መጾም ማለት ከፍቅረ መባልዕት፣ ከፍቅረ ንዋይና ከፍቅረ ሢመት ፍላጎት ጨርሶ መራቅ ማለት ነው። ይህንን አደረግን ማለት ደግሞ ሥጋችን የማይወደውን፣ መንፈሳችን ግን የሚወደውን ነገር አደረግን ማለት ነው። ይህ ሲሆን ሰይጣን ከሰረ፤ ድልም ሆነ ማለት ነው። በዚህ መንፈሳዊ ኃይል ዲያብሎስ ተሸንፎና ተስፋ ቆርጦ ይሄዳል፡፡ ከዚህ አኳያ እኛም በቃለ እግዚአብሔር እየተመራን የምንጾምበት ምክንያት የሥጋችንን ፍላጎት በመግራት ለነፍሳችን ፍላጎት ለማደርና በዚህ ኃይለ መንፈስ ሰይጣንን በማሸነፍ የእግዚአብሔር ቤተሰብ ለመሆን ነው፡፡ የተከበራችሁ ሕዝበ ክርስቲያን ልጆቻችን!የጾም ዋና ዓላማ ሥጋዊ ፍላጎትን መግራት፣ በምትኩ ደግሞ መንፈሳዊ ፍላጎትን ማጐልበት እንደሆነ ተነግሮናል። በመሆኑም ይህንን መርሕ ጠብቀን መጾም ግዴታችን ይሆናል። ዛሬ ባለንበት ዓለም ሥጋዊ ፍላጎታችን ያየለበት፣ መንፈሳዊ ፍላጎታችን ግን የተዳከመበት ዘመን ላይ እንገኛለን። ከፍቅር ይልቅ ጥላቻ፣ ከአንድነት ይልቅ መለያየት፣ ከመራራት ይልቅ ጭካኔ፣ ከእምነት ይልቅ ክሕደትና አስመሳይነት በዓለማችን ላይ የበላይነቱን ይዞ መገኘቱ ለዚህ ማሳያ ነው፡፡ ይሁንና ዓለም ቢሰማም ባይሰማም፣ ሐቁም ጠቃሚውም የመንፈስን ፍላጎት ማጎልበት ስለሆነ የመንፈስ ፍሬዎች የሆኑትን ማለትም ፍቅርን፣ ሰላምን፣ አንድነትን፣ ርኅራኄንና ሃይማኖትን ማስፈን ምርጫችን ልናደርግ ይገባል። ቤተ ክርስቲያንም እንድንጾም የምታስተምረን እነዚህን ለመተግበር ጾም ፍቱን መሳሪያ ሆኖ ስለሚገኝ ነው፡፡ ከዚህ አንጻር የጾም ዓላማውና ግቡ ጽኑዕ ሃይማኖትን፣ እውነተኛ ፍቅርን፣ ዘላቂ ሰላምን፣ ልባዊ አንድነትን፣ የማይናወጽ ፍትሕንና እኩልነትን፣ ወሰን የሌለው ርኅራኄን በውስጣችን ብሎም በዓለማችን ማሥረጽ እንደሆነ በውል ተገንዝበን ጾሙን መጾም ይገባል። ልንለብሳቸው የሚገቡ እነዚህ የመንፈስ ፍሬዎች የእግዚአብሔር ጋሻዎች ናቸውና፡፡ ይህንን ካደረግን እንደ ጌታችን የሰይጣንን ሽንገላ በጣጥሰን በመጣል በአስተማማኝ ሁኔታ ድል ማድረግ እንችላለን፤ የተጠራነውም ለዚሁ ነው፡፡ በመጨረሻም፡-የሕዝባችንና የሀገራችን የራስ ምታት ሆኖ የሚገኘውን ያለመግባባት ዝንባሌ ለመቅረፍ ከልብ በመጸለይ፣ እንደዚሁም የተራቡትን በማጒረስ፣ የታረዙትን በማልበስ፣ የተጠሙትን በማጠጣት፣ የተጣሉትን በማስታረቅ፣ ፍትሕ ለተነፈጉትም እውነተኛ ፍትሕን በመስጠት፣ መዋዕለ ጾሙን እንድንጾመው በእግዚአብሔር ስም አባታዊ መልእክታችንን እናስተላልፋለን። “እግዚአብሔር ኢትዮጵያንና ሕዝቦችዋን ይባርክ” ወስብሐት ለእግዚአብሔርአሜን! አባ ማትያስ ቀዳማዊፓትርያርክ ርእሰ ሊቃነ ጳጰሳት ዘኢትዮጵያሊቀ ጳጳስ ዘአኲስምወዕጨጌ ዘመንበረ ተክለ ሃይማኖት፡፡ የካቲት ፱ ቀን ፳፻፲፰ ዓ.ምአዲስ አበባ ኢትዮጵያ
ከክልሉ እንዳይወጡ እገዳ ተጣለ! ኬላዎች ተዘጉ! …. ዳንግላ! ደምበጫ! ቦረና-ሳይንት!ራያ-ዓለማጣ!,Konjit Sitotaw,"February 15, 2026",https://mereja.net/amharic/8309,
የትግራይ መሬት ተሽጧል (ጀኔራል አበባው ታደሰ)… ለሽመልስ አብዲሳ ቀጭን ትዕዛዝ ተላለፈ! … ቆላ ተንቤን! ቋሪት! ግራካሶ.! አርማጭሆ! ሻሁ,Konjit Sitotaw,"February 15, 2026",https://mereja.net/amharic/8307,
በህወሓት እጅ የገቡ ፀረ ድሮን መሣሪያዎች ! የክተት ጥሪ ተላለፈ! የአንድ ሚሊየን ሚሊሺያ ዕቅድ! ደብረ ታቦር ቀጠና የመልሶ ማጥቃት ዘመቻ ስምሪት!,Konjit Sitotaw,"February 15, 2026",https://mereja.net/amharic/8305,
ጦሩ ወደ ሰሜን በሶስት አቅጣጫ  ….  ፋኖ መክተን እያጠቃን ነው  ….. የትግራይ እና የኤርትራ ጦር ዝግጅት,Konjit Sitotaw,"February 15, 2026",https://mereja.net/amharic/8303,
ፋኖ በደሴ ዙሪያና በሸዋ ከተሞች  …….  በአማራ የሀኪሞች ግድያ,Konjit Sitotaw,"February 15, 2026",https://mereja.net/amharic/8301,
ፋኖ ከትግራይ ጭኖ መጣብን (ብልፅግና)  ……  የዐብይ ውሳኔ በተጋለጠው ምስጢር,Konjit Sitotaw,"February 15, 2026",https://mereja.net/amharic/8299,
አርበኛ ዘመነ ስለጎንደሩ ድል  …….  የብልጽግና ወታደሮች ተማርከዋል,Konjit Sitotaw,"February 15, 2026",https://mereja.net/amharic/8297,
የጎንደርና ጎጃም ተጋድሎ ….  የአገዛዙ ጦር ተከቧል,Konjit Sitotaw,"February 15, 2026",https://mereja.net/amharic/8294,
የደሴ ዙሪያው ውጊያ! ኮማንዶው ተደመሰሰ!  ከተሞቹ ተያዙ!,Konjit Sitotaw,"February 15, 2026",https://mereja.net/amharic/8292,
ከአመት በፊት ከአዲስ አበባ ከተማ ውስጥ ታስረው የተወሰዱ 13 ወጣቶች እስካሁን ደብዛቸው ጠፍቶ እንደሚገኝ ታወቀ,Konjit Sitotaw,"February 15, 2026",https://mereja.net/amharic/8287,ከአመት በፊት ከአዲስ አበባ ከተማ ውስጥ ታስረው የተወሰዱ 13 ወጣቶች እስካሁን ደብዛቸው ጠፍቶ እንደሚገኝ ታወቀ “ገድለዋቸውም ከሆነም ከዘመድ ጋር አልቅሰን ቁርጡን አውቀን ቤታችን አርፈን እንቀመጥ። እንዴት ልጅን ያህል ነገር ጠፍቶ ቤት ተኝተን እናድራለን?”- ቤተሰብ ተጨማሪ ያንብቡ:https://meseretmedia.org/p/13-f63  
23 ስናይፐር የተማረከበት ተጋድሎ! 2540 ወታደር እጅ ከፈንጅ ተይዟል! ፋኖ ተሽከርካሪ ሙሉ ተተኳሽ ወሰደ!,Konjit Sitotaw,"February 15, 2026",https://mereja.net/amharic/8285,
ከድሮን የተረፈው ሚኒሻ አለቀ!  ጎጃም የቆሰሉ ወታደሮችና የሱዳን ኃይሎች! የቦረና ገነቴው ተጋድሎ!,Konjit Sitotaw,"February 15, 2026",https://mereja.net/amharic/8283,
ምሽጉን ሰንጥቆ የገባው የፋኖ ኮማንዶ! … ቀጥታ ከኮማንዶ አዛዦች ጋር!,Konjit Sitotaw,"February 15, 2026",https://mereja.net/amharic/8290,
አጥፊዎች ባልተጠየቁበት፣ የፖለቲካ እና የምርጫ ምህዳሩ ባልተከፈተበት ገለልተኛ፣ ፍትሃዊ፣ ነፃ፣ ዴሞክራሲያዊና በህዝቡ ዘንድ ተዓማኒ የሆነ ምርጫ እንዴት ማካሄድ ይቻላል ?,Konjit Sitotaw,"February 15, 2026",https://mereja.net/amharic/8322,” አጥፊዎች ባልተጠየቁበት፣ የፖለቲካ እና የምርጫ ምህዳሩ ባልተከፈተበት ገለልተኛ፣ ፍትሃዊ፣ ነፃ፣ ዴሞክራሲያዊና በህዝቡ ዘንድ ተዓማኒ የሆነ ምርጫ እንዴት ማካሄድ ይቻላል ? ” – ፓርቲው ➡️ ” ቁጫ ምርጫ ክልል ላይ ምርጫ አስፈጻሚዎች፤ የምርጫ ክልል ጽ/ቤት ተደራጅተዋል። እንደማንኛውም ምርጫ ክልል ሥራችንን እየሰራን እንገኛለን ” – ቦርዱ የቁጫ ዴሞክራሲያዊ ፓርቲ (ቁዴፓ)፣ በምርጫ ክልሉ የፓለቲካ ምህዳሩ “ዝግ” እንደሆነ፣ “ድብደባ” እና “እስራት” እንዳልቆመ በመግለጽ፣ “ከድጥ ወደማጡ” የሆነው ሁኔታ በነጻነት ተንቀሳቅሶ ምርጫን ለመሳተፍ ፈተና እንደሆነበት ለቲክቫህ ኢትዮጵያ ገልጿል። ፓርቲው በሰጠን ቃል፣ “በቁጫ ምርጫ ክልል ያለው የፖለቲካ እና የምርጫ ምህዳር ዝግ ነው” ብሏል። እንዲሁም፣ “በተለመደ ሁኔታ ህዝቡ ይደበደባል፣ ይታሰራል፣ ይሳደዳል፣ ሁሉም የፓርቲያችን ጽሕፈት ቤቶች እንደወደሙ ናቸው” ብሎ፣ ወደምርጫ እየተገባ ያለው አጠቃላይ ሁኔታዎች “ከድጡ ወደማጡ” በሆኑበት ሁኔታ መሆኑን ገልጿል። የኢትዮጵያ ብሔራዊ ምርጫ ቦርድ ይህን ለማረም ምን አይነት የመፍትሄ እርምጃ እንደወሰደ፣ “ችግሩን የፈጠሩ አካላት” በምርጫ አዋጁ ባልተጠየቁበት እና የፖለቲካና የምርጫ ምህዳሩ ባልተከፈተበት እንዴት ገለልተኛ፣ ፍትሃዊ፣ ነፃ እና በህዝቡ ዘንድ ተዓማኒ ምርጫ ማካሄድ እንደሚቻል ጥያቄ እንደፈጠረበት ገልጿል። ፓርቲው፣ “አጥፊዎች ባልተጠየቁበት፣ የፖለቲካ እና የምርጫ ምህዳሩ ባልተከፈተበት ገለልተኛ፣ ፍትሐዊ፣ ነፃ፣ ዴሞክራሲያዊ እና በህዝቡ ዘንድ ተዓማኒ የሆነ ምርጫ እንዴት ማካሄድ ይቻላል?” ሲልም ጠይቋል። የምርጫ ቦርድ ሰብሳቢ ወ/ሮ ሜላትወርቅ ኃይሉ በሰጡት ምላሽ፣ “ቁጫ ምርጫ ክልል ላይ ምርጫ አስፈጻሚዎች፣ የምርጫ ክልል ጽ/ቤት ተደራጅተዋል። እንደማንኛውም ምርጫ ክልል ሥራችንን እየሰራን እንገኛለን” ብለዋል። በተያያዘም፣ “ከምርጫም በፊት የፖለቲካ ፓርቲዎች ችግር ይደርስባቸዋል፤ ችግሩን ያቀርባሉ” ያሉት ሰብሳቢዋ፣ ቦርዱ ለዚህም ቅሬታ ያቀረበው ፓርቲ፣ የገዢው ፓርቲ እና የምርጫ ቦርድ ኃላፊዎች ያሉበት “ሦስትዮሽ ኮሚቴ” አቋቁሞ ችግር የተፈጠረበት ቦታ ድረስ በመሄድ ችግሮችን ለመፍታት ጥረት ያደርጋል ብለዋል። “ይሄ ሁሉ ተደርጎ ግን አሁንም ችግር አለ፤ ምርጫ ቦርድ ይህንን ያውቃል፤ ክትትል ያደርጋል” ያሉት ሰብሳቢዋ፣ ይህን ቦርዱ ለሚመለከታቸው የመንግስት አካላት ደብዳቤ፣ ማሳሰቢያ እንደሚጽፍ ገልጸው፣ “አሁንም በቀጣይነት እየተሰራ ያለ ነው” ሲሉ ተናግረዋል። የፖለቲካ ፓርቲዎች የፖለቲካ ምህዳሩ “ችግር ገጥሞታል” የሚል ቅሬታ እንደሚያቀርቡ ገልጸው፣ “ቦርዱ ከፓርቲዎች፣ ከገዢው ፓርቲ፣ ከጸጥታ አካላት ጋር ችግሩን ለመፍታት ጥረት እያደረገ ይገኛል” ብለዋል።
የፌደራል መንግስት 27 የትግራይ አመራሮች እና ወታደራዊ ሀላፊዎች እንዲሁም ዘመዶቻቸው የባንክ አካውንት እንዲታገድ አደረገ,Konjit Sitotaw,"February 15, 2026",https://mereja.net/amharic/8320,የፌደራል መንግስት 27 የትግራይ አመራሮች እና ወታደራዊ ሀላፊዎች እንዲሁም ዘመዶቻቸው የባንክ አካውንት እንዲታገድ አደረገ የአቃቤ ህግ ምንጮች ለሚድያችን ያደረሱትን የዚህ የእገዳ የስም ዝርዝር እና ተያያዥ መረጃዎችን ይዘናል። ተጨማሪ ያንብቡ:https://www.meseretmedia.org/p/27
መተዛዘቢያ ስለ አባ ሠረቀብርሃን ወልደ ሣሙኤል,Meheret Setegn,"February 14, 2026",https://mereja.net/amharic/8234,በቀሲስ አስተርአየ ጽጌ ቀሲስ አስተርአየ የነነዌ ጾም ከኢትዮጵያውያ ጋራ ያላትን ንክኪ ገልጸው በማቅረባቸው ብዙውን ሰው አነጋግሮታል፡፡ ምእመኑ የተነጋገረበትን ያህል ጳጳሳቱ ቀሳውስቱና ዩቱብ ከፍተው ስለ ቤተ ክርስቲያን አንዳንድ ነገር ብቅ እያደረጉ የሚናገሩት ዩቱበሮች የተነጋገሩበት አይመስልም፡፡ ለምንድነው ያልተነጋገሩበት ? የሚል ጥያቄ ተነስቶ ቀሲስ የሚናገሩት ከተራ ካዴሬና ከመንደርተኛ ወሬ የራቀ በቤተ ክርስቲያኗ ቋንቋ ነው። ዩቱበሮቹ ግን በቤተ ክርስቲያኒቱ ትምህርት የገቡ አይደሉም፡፡ ከማንኛውም ሰው የተለዩ አይደሉም፡፡ ቀኖናውንም ነገረ መለኮቱንም አይረዱትም፡፡ ቅኔውም ይከብዳቸዋል፡፡ እንደ ቀሲስ ከግል ወዳጅነትና ከግል ጥቅም የራቁ አይደሉም፡፡ ቀሲስ ለማሳየት የሚጥሩት ጥንታዊቷ ቅድስት ቤተ ክርስቲያን ዛሬ ብጹአንና ቅዱሳን ከሚባሉት በተለያዩ አጽያፊ ተግባሮች በሚከሰሱት በሚወቀሰቱና ከትዝብት ላይ በወደቁት ጳጳሳት ልክ እንዳትለካ ብቻ ነው፡፡ እየተከፋፈሉ እርስ በርሳቸው ከሚደባደቡትን ጳጳሳት ካንዳቸውም ግላዊ ወዳጅነትም ሆነ ውለታ የላቸውም፡፡ አድርባነትም የሚያጠቃቸው አይደሉም፡፡ እንደ ሌሎቹ በወዳጅነት፣ በዘረኝነትና ጎጠኝነት እንዲሁም በአምቻ ጋብቻና በጓደኝነት በጥቅም ወይም ቅስናውን ስለሰጧቸው ውለታ የመክፈል ግዴታ የለባቸውም፡፡ ሌሎቹ ቄሶች ቆሞሶችና ሰባኪወች ለቀኖናው ለነገረ መለኮቱ ለጠቅላላዋ ቤተ ክርስቲያን ሳይጠነቀቁ በተሳሳተ መንገድ ወደ ሲኖዶሱ ለገቡት ጳጳሳት እንጠንቀቅ እያሉ ይሰብካሉ፡፡ ለምን ጵጵስና ተተቼ ብለው ለቤተ ክርስቲያን ክብር የቆሙ መስለው ሕዝቡን ያደናብሩታል፡፡ ቀሲስ አስተራየን ከሌላው ልዩ የሚያደርጓቸው ከማንም ግለ ሰብ ጋራ ሳይወግኑና ወገነተኛ ሳይሆኑ የተሳሳተመስሎ የታያቸውን ሳይመክሩና ስይገስጹ አለማለፋቸው ነው፡፡ ከ2 አመታት በፊት አባ ሠረቀ የተባሉት  “ሠረቀ” እንደ ግዕዙ ሳታላሉ እንደ አማርኛው ጠበቅ አድርጉትና ሰረቀ፣ ዘረፈ፣ ነጠቀ ብላችሁ አንብቡት።  እኝህ ሰው “ኢትዮጵያን ትፏት” ሲሉ የተናገሩትን ሰምተው ከነነዌ ጾም በኋላ በድሮ ቅኔ የታጀበች ጦማር ጽፈውላቸው ነበር፡፡ የቅኔው ይዘት ለተራው ሰው ለመረዳት አስቸጋሪ ቢሆንም ጽሁፏ ራሳቸው አባ ሠረቀ በተናገሩት እንዲጸጸቱና ንስሀ ገብተው ከቂም ከበቀል ከቁጣ ወጥተው የቆሰለው እንዲፈወስ፣ የተሰበረው እንዲጠገን፣ የፈረሰው እንዲገነባ ተባብረን እንቁም የሚል ነበር፡፡ አባ ሠረቀ የቀሲስን ምክር በመስማት ለኢትዮጵያ ለቤተ ክርስቲያንና ለራሳቸው ህዝብም አልቆሙም፡፡ ከዚያ ወዲህ በተሳሳተ መንገድ ቀኖናውን ሰብረው ያለ ፓትርያርኩ ቡራኬ ራሳቸውን ጵጵስና ሰይሙ፡፡ ሰውየው በህወሃቱ ደብረ ፅዮን ጵጵስና የተሰጣቸው መሆኑንን ቢኩራሩበትም ያልገባቸው ነገር“በፋሲካ የተቀጠረች ገረድ ሁል ጊዜ ፋሲካ ይመስላታል”እንደሚባለው አሁንም ህወሃት ስልጣን ያለውና ፈላጭ ቆራጭ ይመስላቸዋል። ሰውየው የብዙ ሰው ደም እጃቸው ላይ ስላለ በቁማቸው ያራዣቸዋል። ህወሃት አሁን በአብይ አህመድ መልካም ፈቃድ ቀለብ የሚሰፈርለት፣ ነዳጅ የሚቀዳለትና ወደ ውጭ አገር ለመሄድ ይለፍ የሚሰጠው ደካማ፣ በአውራጃና በመንደር የተከፋፈለ ልፍስፍስ ድርጅት መሆኑን አይታያቸውም። እሳቸውንም ከአውስትራሊያ ኢትዮጵያ እንዳይገቡ ከልክሎ ኤርፖርት ላይ እንኳን መጸዳጃ ቤት እንዳይጠቀሙ አስፈራርቶ ወደ መጡበት እንደላካቸው ይረሳሉ። አሁንም ጥላቻቸውና ጥርሳቸውን የሚያፋጩት ጀኖሳይድና የዘር ማጥፋት የሚፈጸምበት ምስኪሉ የአማራ ህዝብ ላይ ነው። አባ ሰረቀ የቆሞሥነቱን ቆብ አውልቀው፡ የጵጵስና ቆብ ደፍተው ጢማቸውን ከፍክፈው የጳጳስ ዱሉ ተሽክመው ወደ ፊት በመምጣት የትግራይን ቤተ ክርስቲያን ከፈሏት፡፡ አሁን ከነ ሳዊሮስ ጋራ በደላላዋ እጅጋየሁ በየነ አቃጣሪነት እየተንፏንቀቁ የተፏትን ኢትዮጵያ ሊልሷትና ሊውጣት በዓቢይና ጌታቸው ረዳ በኩል ወደ ዋናው ቤተ ክህነት ለመግባት እንደ እባብ በደረታቸው በመሳብ ላይ ናቸው፡፡ ከሁለት አመት በፊት ቀሲስ አስተርአየ ለአባ ሠረቀ የጻፉላቸውን ጦማር ከዚህ በታች አንብባችሁ የራሳችሁን ትዝብት ውሰዱ።ለቆሞስ አባ ሠረቀ ከቀሲስ አስተርአየ ጽጌ
የመካከለኛው ምሥራቅ ባለሥልጣናት በኢትዮጵያ እና በቀጣናው እያካሄዱ ያሉት ሰሞነኛ ጉብኝት,Konjit Sitotaw,"February 13, 2026",https://mereja.net/amharic/8280,"የኢትዮጵያ እና ኤርትራ ውጥረት ከመቼውም በላይ በተካረረበት እንዲሁም በሱዳን የእርስ በርስ ጦርነት የውጭ አገራት ጣልቃ ገብነት ዋነኛ መነጋገሪያ በሆነበት ወቅት የአፍሪካ ቀንድ እና የአረብ አገራት ከፍተኛ ባለሥልጣናት ይፋዊ የሥራ ጉብኝቶች ተበራክተዋል። ግብፅ እና ኢትዮጵያ በታላቁ ሕዳሴ ግድብ ዙሪያ የተፋጠጡበት እንዲሁም ቀጣናዊ የኃይል አሰላለፍን የሚለውጡ ክስተቶች የበዙበት ወቅት እንደመሆኑ በአፍሪካ ቀንድ እና በአረብ አገራት የሚደረጉ ጉብኝቶች ከዲፕሎማሲያዊ ትስስር የዘለለ አንድምታ ሊኖራቸው ይችላል። ለመሆኑ የየትኞቹ አገራት ባለሥልጣናት ወደ የትኞቹ አገራት ተጓዙ? በባለሥልጣናት መካከል ስለተደረጉ ውይይቶችስ ምን ተባለ? ትናንት ረቡዕ ኢትዮጵያ የገቡት የሳዑዲ አረቢያው የውጭ ጉዳይ ሚኒስትር ልዑል ፋይሰል ቢን ፋርሐን ከጠቅላይ ሚኒስትር ዐቢይ አሕመድ ጋር በሁለትዮሽ እንዲሁም ቀጣናዊ ጉዳዮች ዙሪያ መወያየታቸው ተገልጿል። የውይይታቸው ዝርዝር ይዘት ይፋ ባይደረግም “በቁልፍ ዘርፎች ላይ በሁለቱ አገራት መካከል ያለውን ትብብር ማጠናከር” እንዲሁም “የሁለቱም አገራት ፍላጎት በሆኑ ቀጣናዊ እና ዓለም አቀፍ ጉዳዮች ላይ መተባበር” ላይ ያተኮረ እንደሆነ ጠቅላይ ሚኒስትር ዐቢይ በማኅበራዊ ሚዲያ ገጻቸው አስታውቀዋል። የፎቶው ባለመብት,EBC ባለፈው ሳምንት የኢትዮጵያው የውጭ ጉዳይ ሚኒስትር ጌድዮን ጢሞቴዎስ ወደ ሳዑዲ አረቢያ ተጉዘው ከልዑል ፋይሰል ቢን ፋርሐን ጋር መወያየታቸው ይታወሳል። ከሳዑዲው የውጭ ጉዳይ ሚኒስትር ልዑል ፋይሰል ቢን ፋርሐን ጋር በተደረገው ውይይት “ሁለቱ አገራት የአፍሪካ ቀንድን ሰላም እና መረጋጋትን ለማስጠበቅ” በጋራ ለመሥራት እንደተስማሙ ተገልጿል። የውጭ ጉዳይ ሚኒስትሮቹ ስለ ቀጣናዊ ደኅንነት እንዲሁም የፖለቲካ እና ምጣኔ ሃብት ትስስር መወያየታቸውን የኢትዮጵያ የውጭ ጉዳይ ሚኒስቴር አስታውቋል።https://www.bbc.com/amharic/articles/c0e5nx2e9wqo"
ኢትዮጵያ ውስጥ ሆኖ በውጭ ምንዛሬ ክፍያ ለመፈጸም የሚያስችል ዓለም አቀፍ የክፍያ ካርድ ማግኘት ተፈቀደ,BBC Amhric,"February 13, 2026",https://mereja.net/amharic/8278,የኢትዮጵያ ብሔራዊ ባንክ፤ የውጭ ምንዛሬ ሒሳብ (አካውንት) ያላቸው ደንበኞች የቪዛ እና የበረራ ትኬት ማቅረብ ሳይጠበቅባቸው ለዓለም አቀፍ የበይነ መረብ (ኦንላይን) ግብይቶች የሚውል የውጭ ምንዛሬ ክፍያ ካርድ እንዲያገኙ ፈቀደ። የውጭ ምንዛሬ ሒሳብ ለመክፈት ተቀምጦ የነበረው የ100 ዶላር የግዴታ ተቀማጭ ገንዘብም እንዲቀር ተደርጓል። የኢትዮጵያ ብሔራዊ ባንክ ትናንት ረቡዕ የካቲት 4/2018 ዓ. ም. የውጭ ምንዛሬ መያዝ፣ ማግኘት እና መጠቀምን በተመለከተ የተቀመጡ ገደቦችን ይበልጥ ያላላ ማሻሻያ ይፋ አድርጓል። ብሔራዊ ባንክ አዲሶቹን ለውጦች ይፋ ያደረገው በሐምሌ 2016 ዓ. ም. በወጣው የውጭ ምንዛሬ መመሪያ ላይ ማሻሻያ በማድረግ ነው። አረንጓዴው መጽሐፍ በመባል የሚጠራው ይህ መመሪያ የወጣው በሐምሌ 2016 ዓ. ም. የማክሮ ኢኮኖሚ ሪፎርም ተግባራዊ መሆን ሲጀመር ነበር። መመሪያው የውጭ ምንዛሬ ከመንግሥት ተመን ወጥቶ ገበያ መር እንዲሆን ያስቻለ መሆኑም ይታወሳል። አሁን የተደረገው ማለውጥም ማክሮ ኢኮኖሚ ሪፎርሙን ተከትሎ በውጭ ምንዛሬ ላይ የተደረጉ ለውጦች አካል እንደሆነ ብሔራዊ ባንክ ትናንት ባወጣው መግለጫ አስታውቋል። አዲሶቹ ማሻሻያዎች “የውጭ ምንዛሬ ገበያን የበለጠ ለማጎልበት በማሰብ” ተግባራዊ እንደሆኑም ገልጿል። ከዚህ ቀደም በነበረው አሠራር ባንኮች እና የውጭ ምንዛሬ ቢሮዎች ዓለም አቀፍ የክፍያ ካርዶችን መስጠት የሚችሉት ወደ ውጭ ለሚጓዙ ደንበኞቻቸው ነበር። የውጭ ምንዛሬ የሚጫንበትን ይህንን ካርድ ማግኘት የሚፈልጉ ሰዎችን የውጭ ጉዞ ትኬት እና ቪዛ ማቅረብ ይጠበቅባቸው ነበር። ይህም ኢትዮጵያውያን ከዓለም አቀፍ የበይነ መረብ (ኦንላይን) የግብይት መድረኮች እቃዎችን እንዳይሸምቱ ወይም የሚፈልጓቸው አገልግሎቶች ለማግኘት የደንበኝነት ምዝገባ (subscription) እንዳይፈጽሙ አድርጓቸው ቆይቷል። ብሔራዊ ባንክ ትናንት ይፋ ባደረገው ማሻሻያ ዓለም አቀፍ ካርድ ለማግኘት ተቀምጦ የነበረውን የውጭ ጉዞ ቅድመ ሁኔታ አንስቷል። ባንኮች ለደንበኞቻቸው “በዓለም አቀፍ ደረጃ የታወቁ ካርዶችን እንዲያወጡ እና በሒሳብ ባለቤቱ ጥያቄ መሠረት የቪዛ እና የጉዞ ትኬት ሳያስፈልግ የውጭ ምንዛሬ እንዲጭኑ” እንደተፈቀደላቸው አዲሱ መመሪያ ያስረዳል።
“ተወዳጇ እና ደስተኛዋ ልጄ እንዴት በራሷ ላይ ወሰነች?” – በቲክ ቶክ እና በእኩዮቿ ጫና ራሷን ያጠፋቸው ኢትዮጵያዊት ታዳጊ,Konjit Sitotaw,"February 13, 2026",https://mereja.net/amharic/8275,"*ማስጠንቀቂያ፡ ይህ ታሪክ ራስን ማጥፋትን ጨምሮ አንዳንዶችን ሊረብሹ የሚችሉ ዝርዝር ጉዳዮችን ይዟል። ፊዮሬላ ነብዩ የ13 ዓመት ታዳጊ ነበረች። ጥር 4 ለምታከብረው ልደቷ ዝግጅቱ ተጠናቋል። አሜሪካ እንዲከበር ነበር የታቀደው። ልደቷን ከወንድሟ እና ከእህቶቿ ጋር ለማክበር ወደ ዩናይትድ ስቴትስ ለመጓዝ በዝግጅት ላይ ነበረች። የበረራ ትኬት ተቆርጦ ተዘጋጅቷል። ልደቷ ሊከበር ሰባት ሳምንታት ሲቀሩት ፊዮሬላ ራሷን አጠፋች። አባቷ ነብዩ ሳሙኤል ፈረንጅ “በእኔ በኩል ምንም ምልክት አላየሁም ነበር” ይላል። “ይህ እየመጣ እንደሆነ ማንም የነገረኝ አልነበረም።” ይህ የፊዮሬላ ታሪክ ነው፤ የፍቅር፣ የማይታይ ሕመም፣ የጥቃት እና እየጨመረ የመጣ ቀውስ ታሪክ። ፊዮሬላ በወላጆቿ እንዲሁም በወንድም እና በእህቶቿ በጣም የተወደደች ነበረች። በተለይም ከአባቷ ጋር የተለየ ግንኙነት ነበራት። ከልጆቹ ጋር ጥሩ ጊዜ ማሳለፉን ነብዩ ደጋግሞ ይናገራል። ከፊዮሬላ ጋር ደግሞ ብዙ ጊዜ አብረው ያሳልፋሉ፣ ይጫወታሉ፣ ይስቃሉ፣ ወደ ተለያዩ አገራትም አብረው ተጉዘዋል። ፊዮሬላ በበረራ ወቅት ሁልጊዜ ከጎኑ ትቀመጥ ነበር። “ኮ-ፓይለት (ረዳት አብራሪ) እንላት ነበር” ሲል ነብዩ ያስታውሳል። እሷ ልጁ ብቻ አልነበረችም፤ የቅርብ ጓደኛውም ነበረች። በቤትም ሆነ በትምህርት ቤት ፊዮሬላ በቀልዷ፣ በብልሃቷ እና በራስ መተማመንዋ ትታወቅ ነበር። አስተማሪዎች ብሩህ እና ተወዳጅ እንደሆነች ይናገራሉ። በቀላሉ ከሁሉም ጋር የምትግባባም ነበረች። እንደ አባቷ ገለጻ ከሆነ ከዕድሜዋ በላይ የበሰለች ነበረች። “ከዕድሜዋ በላይ ብልህ፣ ጥንቁቅ፣ ገንዘብ የማታባክን፣ አዋቂ እና መካሪ ነበረች” ይላል። “አራት ልጆች አሉኝ። የልጆቼ ሁሉ ሰብሳቢ፣ መካሪ እና አስተዋይ ልጄ እሷ ነች እል ነበር።” ፊዮሬላ የአባቷን ፈለግ በመከተል ወደ ንግድ ዓለም የመግባት ሕልም ነበራት። ስለወደፊት ዕቅዶቿ መሳካት የምትጥረው ፊዮሬላ በሕይወቷ ውስጥ ምንም ተስፋ መቁረጥን የሚያመለክት ነገር አልነበራትም። አባቷ የማያውቀው እና ሕይወቷ ካለፈ በኋላ የተረዳው ነገር ቢኖር ፊዮሬላ በድብቅ ስትታገለው የቆየችው ጉዳይ እንደነበር ነው። ከመሞቷ በፊት ባሉት ወራት ፊዮሬላ ክብደቷ ጨመረ። ከዕድሜዋ አንጻር ይህ ያልተለመደ ነገር አይደለም። ውፍረቷ ግን በእኩዮቿ ዘንድ የፌዝ ምንጭ ሆነ። በትምህርት ቤትም ሆነ በበይነ መረብ የሚሳለቁባት፣ የሚያፌዙባት ሰዎች ነበሩ። ጓደኞቿ በኋላ ላይ ለአባቷ እንደነገሩት ከሆነ ቲክ ቶክን የመሳሰሉ ማኅበራዊ ሚዲያዎችን ጨምሮ በአካል ጭምር ፊዮሬላን በውፍረቷ ምክንያት የሚሳለቁባት እንደነበሩ ነገሩት። ይህንንም ካለፈ በኋላ ነው የሰማው። እየዋለ ሲያድር ይህ ጉዳይ በራስ መተማመንዋን ይሸረሽረው ጀምሯል። ፊዮሬላ ጉዳዩ ምቾት እንዳልሰጣት ለእህቶቿ እና ለጓደኞቿ ነግራቸዋለች። “ክብደት እየጨመርኩ ነው”፤ “ራሴን አልወድም” ብላቸዋለች። ግን ትኩረት የሰጠቸው ነገር እንዳይመስልም ታደርጋለች። ያመረረች እንዳይመስላቸው በማሰብ ደግሞ በፍጥነት ጉዳዩን ለማለዘብ ትሞክራለች። “እየቀለድኩ ነው” ስትል ጉዳዩን ታሳርጋለች። በኋላ ላይ እራሷን ስለማጥፋትም የነገረቻቸው ነበሩ። እራሷን ስለማጥፋት ስታወራ እንኳን እንደ ቀልድ አድርጋ ነው የምታነሳው። ጓደኞቿ በቁም ነገር እያወራች ስለመሆኑ አላወቁም። አባቷ ግን እነዚህን ጉዳዮች ሰምቶ አያውቅም። “ሌሎች እየተጎዳች እንደሆነ ያውቁ ነበር” ይላል ነብዩ። “እኔ [አባቷ] ግን አላወቅኩም።” በመጨረሻዎቹ ቀናት የፊዮሬላ ባህሪ ቀስ በቀስ መለወጥ ጀመረ። ከእህቷ ጋር የምታድርበትን መኝታ ቤት ቀየረች። አያቷ አልነበሩምና የእሳቸው ክፍል ማደር ጀመረች። በሯ ሁሌም እንደተቆለፈ ነው። ለምን ክፍል እንደቀየረች ስትጠየቅ ምላሽ አላጣችም፤ ‘አልጋው የበለጠ ምቹ ነው’ ትል ነበር። በሩንስ ለምን ትቆልፊያለሽ? ስትባል ‘ሰው ቢገባስ’ ነበር መልሷ። የሚያስፈራም፤ የሚያሳስብም ምላሽ አልነበረም። እንዲያውም ማንንም የሚያስማማ ዓይነት መልስ ነው። በዚህ ምክንያት ራሷን ልታጠፋ ነው ብሎ የጠረጠረ አልነበረም። የመጨረሻዎቹ ቀናት ለፊዮሬላም ለቤተሰቧም የተለመደው ዓይነት ነበር። ጠዋት አባቷ ጎልፍ ለመጫወት ሲወጣ ስማው፣ በተለመደው ፈገግታዋ መልካም ቀን ብላው ነው የተለያዩት። ለእራት ስቴክ እንዲሠራላት ጠየቀች። እንደፈለገችው ሆኖ ተዘጋጀላት። ሥጋውን ባዶውን ያለ ዳቦ በላች። የተለመደው እራት ነበር። ሳቅ እና ፈገግታ ከፊቷ አልተለያትም። “ስልክ አብዝተሻል፤ ክፍል መቆለፍ ጀምረሻል፤ እንነጋገራለን” ብለው ቀጠሮ ይዘው ተለያዩ። ሁለቱም ወደየመኝታ ክፍላቸው። ምንም የተለየ ምልክት አላዩም። “ሁሉም እንደሚለው እግዜር በሥራው እንዳልገባ ነው መሰል” ሲል ምንም ምልክት አለማየታቸውን በተመለከተ ደጋግሞ ይገልጻል። ይህ እሑድ ምሽት ነው። ሰኞ ጠዋት ሁሉም ነገር ተለወጠ። ነብዩ የሕክምና ቀጠሮ ስለነበረው አርብ ወደ አሜሪካ ለመሄድ እየተዘጋጀ ነበር። ሰኞ አገር ውስጥ ሌላ ቀጠሮ ነበረው። ነብዩ ሰኞ ጠዋት ብዙ ጊዜ በቤቱ ያሳልፋል። ዛሬ የተለየ ያደረገው ነገር ቀድሞ መነሳቱ ብቻ ነው። ፊዮሬላ ግን እንደተለመደው በማለዳ አልነቃችም። ቀስቅሷት ሳይል ራሱ ሄዶ በሯን አንኳኳ። መልስ አልሰጠችም። “በማላውቀው ምክንያት ሰውነቴ ትንሽ ተረበሸ” ይላል ነብዩ። አንደኛው በር በመዘጋቱ እና ምላሽ በማጣቱ የክፍሉን ሌላ በር ተጠቅሞ ገባ። ፊዮሬላ እራሷን አጥፍታለች። “ተሰቅላ ነው ልጄ ያለፈችው” ይላል። ቤተሰብ ተሰባሰበ። ሐኪምና አምቡላንስ ተጠራ። ፊዮሬላ ወደ ሆስፒታል ተወሰደች። ግን ዘግይተው ነበር።  የፎቶው ባለመብት,Nebyu Samuel ፊዮሬላ አሥር ደብዳቤዎችን ጽፋ ነበር። ደብዳቤዎቹ ለወላጆቿ፣ ለእህት እና ለወንድሟ እንዲሁም ለጓደኞቿ የተጻፉ ናቸው። በጥንቃቄ የተጻፉት ደብዳቤዎች ተጣጥፈው ከቴሌቪዥን አጠገብ ተቀምጠው ያገኘው አቶ ነብዩ ነው። አንዱ ለራሱ ለአባቷ የተጻፈ ነው። አባቷ ደብዳቤውን አንብቦ ሲጨርስ አንዴ ጥያቄ ይመላለስበት ጀመር “በብዙዎች የተወደደች ደስተኛ ልጅ እንዴት እንዲህ ልትወስን ቻለች?” የሚል። የስልኳን ፓስዎርድ አስቀምጣ ነበር ያለፈችው። ከጓደኛዋ ጋር ስለጉዳዩ መነጋገሯን ከስልኳ ለማወቅ ቻለ። “ተማሪዋ ‘አይ አታድርጊ’ ብላ እሷን ፈጣሪ ረድቷት ስታድን፤ ልጄ ግን ቆራጥ እና ደፋር ስለሆነች ‘ወስኛለሁ፤ እዚህ ምድር ላይ ምንም አልፈልግም፤ ወደተሻለ ቦታ ነው የምሄደው’ ብላ እንደዛ ነው ያረፈችው” ብሏል ነብዩ። የፊዮሬላን ሕልፈተ ሕይወት ተከትሎ ነብዩ በርካታ ተመሳሳይ ታሪኮችን መስማት ጀመረ። ልጆች፣ በአሥራዎቹ ዕድሜ ውስጥ የሚገኙ ታዳጊዎች እና ወጣቶች በተመሳሳይ ሕይወታቸው እያጠፉ መሆኑን ሰማ። ብዙዎቹ በአካል እና በበይነ መረብ በሚደርስባቸው ማሸማቀቅ፣ ትንኮሳ እና ስላቅ ምክንያት ራሳቸውን አጥፍተዋል። “በሁለት ወራት ውስጥ ቢያንስ 40 ልጆች ሞተዋል። ዕድሜያቸው ከ9 ዓመት እስከ 20 የሚሆኑ ናቸው። ይህ እኛ የምናውቀው ነው። ይህ ቁጥር ምናልባትም ከዚህ ከፍ ያለ ሊሆን ይችላል” ይላል። እንደ ነብዩ ገለጻ ከሆነ፤ የማኅበራዊ ሚዲያ መድረኮች አካላዊ ለውጥ ማሳየት የጀመሩ በታዳጊነት ዕድሜ ላይ የሚገኙ ላይ እያነጣጠሩ ነው። ከቤተሰቦቻቸው እየለዩ እና ራስን ማጥፋት አዲስ ነገር እንዳልሆነም እያሳወቋቸው ይገኛሉ። አብዛኞቹ ወላጆች ብዙውን ጊዜ ጉዳዩን አያውቁም። ትምህርት ቤቶች በቂ የምክር አገልግሎት አይሰጡም። ልጆችም በዝምታ በስቃይ ውስጥ እንዲያልፉም ምክንያት እየሆነ ነው። ልጆች “ትንሽ ነገር ነው የሚበቃቸው” የሚለው ነብዩ፤ ስለ ልጁ ግን “ምንም ነገር አላውቅም” ይላል። ጉዳዩ ግን ከሁለት ወር በፊት ጀምሮ ሲንከባላል የቆየ ነገር ነው። ያመረረች መስላ ከተናገረች በኋላ ወዲያ መልሳ ግን “ፕራንክ ነው” ወይም “ቀልድ ነው” የሚል ምላሽ እየሰጠች ፊዮሬላ ጉዳዩን ታቀዘቅዛለች። ሳቅ እና ጨዋታ የምትወደውን ፊዮሬላን ሁሉም ያምናታል። ሕይወቷ ከማለፉ ከጥቂት ከቀናት በፊት የፊዮሬላ ስልክ በጓደኛዋ እጅ ይገባል። ስልኩን ፈተሽ ፈተሽ ስታደርግ ያየችውን ነገር ያላመነችው ጓደኛዋ እንዴት? ስትል ትጠይቃታለች። ቲክ ቶክ ላይ “እኔ ወፍሬያለሁ። እኔ እያስጠላሁኝ ነው። ሰው ይቀልድብኛል” የሚሉ መልዕክቶቿን ተመልክታለች። ፊዮሬላ ስልኬን እንዴት አየሽ! በሚል ተቆጥታ ከጓደኛዋ ጋር ይጣላሉ። ጥላቸው የጓደኛዋ አባት ጋር ይደርሳል። “ስልኳን ያለ ፈቃዷ ለምን ታያለሽ?” ያሉት አባት “ይቅርታ ጠይቂያት” ማለታቸውን ለነብዩ ነግረውታል። ይቅርታ ጠየቀቻት። ጓደኛዋ ግን በይቅርታ ብቻ አላላፈችም። “አንቺ ግን ይህንን ነገር አታደርጊም” ስትላት “አላደርግም” አለቻት። ስትምል ማርያምን ነው የምትለው። “ማርያምን፣ ማርያምን፣ ማርያምን” ብላ ሦስቴ ስትምልላት ይህ ነገር ይሆናል ብላ ጓደኛዋ አላሰበችም። ጥሉ ተረስቶ ቅዳሜ ቅርጫት ኳስ አብረው ተጫወቱ። ከየአቅጣጫው የሚነሳው ተጽዕኖ ቀላል አይደለም ይላል ነብዩ። “በዚህ ጊዜ ነው መሄድ ያለባችሁ። በዚህ ጊዜ ስትሄዱ የተሻለ ቦታ ነው የምትሄዱት። ቤተሰቦቻችሁንም ከላይ ሆናችሁ ማየት እና መጠበቅ ትችላላችሁ ነው የሚሏቸው። ከቤተሰብ ለያይተው ነው ችግር ውስጥ የሚከቷቸው” ብሏል። የተወሰነ ድባቴ እንዳለባት እና ትንሽ እንደምትረበሽ እህቶቿ ያውቁ ነበር። ጉዳዩ አሳሳቢ አይደለም በሚል እና ለነብዩ ጤንነት በማሰብ ጉዳዩን ይዘውት ቆይተዋል። “ትንሽ የሚያስጨንቅ ነገር እንጂ እዚህ ይደርሳል የሚል ነገር ግን አልነበረም። እነሱም ትንሽ ውፍረቷ በመጨመሩ እንደምትጨነቅ ነበር የሚያውቁት።” አሁን ሲያስበው “ምን ዓይነት ፌክ [የውሸት] ሳቅ እየሳቀች እንዳታለለችኝ ይገርመኛል። አሁን ነው እየገባኝ የመጣው። ቤት ውስጥ ምንም ምልክት አልነበረም” ይላል። የፊዮሬላ ሕልፈተ ሕይወት ፈጣን ለውጦችን አስከትሏል። ትምህርት ቤቷ የሥነ ልቦና አማካሪ ቀጥሯል። ተማሪዎች ስለ ጥቃት፣ ስለ አእምሮ ጤና ችግሮች እና ስለ ጭንቀት በግልጽ መናገር ጀምረዋል። ብዙዎች ከወላጆቻቸው ጋር ፈጽሞ ያላደረጓቸውን ውይይቶች እያነሱ ለአማካሪያቸው እየነገሩ ነው። ከአዲስ አበባ ብስክሌት ፌደሬሽን ጋር በመተባበር ለፊዮሬላ መታሰቢያ የብስክሌት ውድድር ተካሂዷል። ይሄ በቤተሰቦቿ በኩል የተደረገ የመጀመሪያው ሥራ ነው። በስሟ ፋውንዴሽን ለማቋቋም ደግሞ በሒደት ላይ ናቸው። የፋውንዴሽኑ ዓላማዎችም የሚከተሉት ናቸው፦ “የልጄን ታሪክ በመናገር አንድን ልጅ እንኳን ማዳን የምችል ከሆነ” ይላል ነብዩ “ሕይወቷ አሁንም ትርጉም ይኖረዋል።” ፊዮሬላ ከልጅም በላይ ነበረች። እህት፣ ጎበዝ ተማሪ፣ ዕቅድ፣ ሕልም እና የወደፊት ግብ የነበራት ልጅ። ታሪኳ፤ ሕመም ሁልጊዜም ቢሆን የሚታይ እንዳልሆነ እና ዝምታ ገዳይ ሊሆን እንደሚችል የሚያስታውስ ነው። ጥቃት፣ በተለይም ከማኅበራዊ ሚዲያ ጫና ጋር ሲጣመር በቁም ነገር መታየት እንዳለበት ባለሙያዎች አጽንኦት ይሰጣሉ። የባህሪ ለውጦች ሲኖሩ ሁሉም ትኩረት ሊሰጣቸው ይገባል ይላሉ። “የስልክ አጠቃቀምን ከመጀመሪያ ጀምሮ መቆጣጠር ያስፈልጋል። ወላጆች ልጆቻቸውን ማወቅ አለባቸው። ጓደኞቻቸውን ማወቅ አለባቸው። የልጆቻቸውን ጓደኞች ቤተሰቦች ጓደኛ ማድረግ አለባቸው። በትምህርት ቤቶች ካውንስለሮች (የሥነ ልቦና አማካሪዎች) መኖር አለባቸው። ነገሮችን ማለፍ የለባቸውም። ቤተሰቦች ተሳታፊ መሆን እና መጠየቅ አለባቸው” ይላል ነብዩ። “…አደርገዋለሁ፣ አይ አታደርጊውም፣ እየተባባሉ እኔ አባቷ ብቻ ነበርኩ የማላውቀው. . . ይህን ግን ካለፈ በኋላ ነው የሰማሁት” ሲልም የራሱን ተሞክሮ ይገልጻል። ከልጆቹ ጋር ጥሩ ጊዜ ማሳለፉን የሚናገረው ነብዩ፤ ፊዮሬላን ደግሞ “13 ዓመት እንደ ሸንኮራ መጥጫታለሁ ብዬ አስባለሁ” ይላል። የፊዮሬላን ታሪክ ለመናገር የሚከብድ ቢሆንም ፋውንዴሽኗ ሌላ ተመሳሳይ ታሪክ በተመሳሳይ መንገድ እንዳይደገም መሠረት እንደሚሆን ቤተሰቦቿ ተስፋ ያደርጋሉ። ቀጣዩ ግብ ለሌሎች በመኖር “ሕይወቷ ትርጉም እንዲኖረው” ማድረግ ነው።"
ሰበር ቪዲዮ ከጦር ግንባር! ምሽጉን ሰንጥቆ የገባው የፋኖ ኮማንዶ! ቀጥታ ከኮማንዶ አዛዦች ጋር!,Konjit Sitotaw,"February 13, 2026",https://mereja.net/amharic/8273,
ከፋኖ ጋር እንደራደራለን ; የብልጽግና ባለስልጣናት ……… መቀሌ! ደብረታቦር! ባሕርዳር! ደራ! ሓምዳይት!,Konjit Sitotaw,"February 13, 2026",https://mereja.net/amharic/8271,
የአማራ ፋኖ በአራቱ አቅጣጫ,Konjit Sitotaw,"February 13, 2026",https://mereja.net/amharic/8269,
የወሎና የጎጃም የፋኖ ግዙፉ ጦር  …..  መሰቀል አደባባይ የተፈጠረው,Konjit Sitotaw,"February 13, 2026",https://mereja.net/amharic/8267,
ኢትዮጵያ የሮይተርስ የዜና ወኪል ጋዜጠኞችን በሀገሪቱ የመሥራት መብት እንደነጠቀች የፈረንሳይ ዜና አገልግሎት ዘገበ።,Konjit Sitotaw,"February 13, 2026",https://mereja.net/amharic/8265,ኢትዮጵያ የሮይተርስ የዜና ወኪል ጋዜጠኞችን በሀገሪቱ የመሥራት መብት እንደነጠቀች የፈረንሳይ ዜና አገልግሎት ዘገበ። በመጪው ቅዳሜ እና እሁድ በአዲስ አበባ የሚካሔደውን 39ኛው የአፍሪካ ኅብረት የመሪዎች ጉባኤ ላይ ለመሳተፍ ለሬውተርስ የተሰጠው ፈቃድ እንደተሰረዘ የዜና ወኪሉ ቃል አቀባይ በኢሜይል እንደገለጹ ዘገባው ይጠቁማል። ከዚህ በተጨማሪ መቀመጫቸውን በአዲስ አበባ ያደረጉ ሦስት የሬውተርስ ጋዜጠኞች በኢትዮጵያ የመዘገብ ፈቃድ እንዳልታደሰ ቃል አቀባዩ ገልጸዋል። ሬውተርስ የውሳኔው ገፊ ምክንያቶች ምን እንደሆኑ ያለው ነገር የለም። ሁሉም ጋዜጠኞች ኢትዮጵያውያን ሲሆኑ ሬውተርስ ስለ ኢትዮጵያ በሚሠራቸው ዘገባዎች የጀርባ አጥንት እንደነበሩ የፈረንሳይ ዜና አገልግሎት ገልጿል። ሬውተርስ “ጉዳዩን እየገመገመ” እንደሚገኝ እና “ነጻ፣ ገለልተኛ እና አስተማማኝ በሆነ መንገድ” ስለ ኢትዮጵያ ዘገባዎች መሥራቱን እንደሚቀጥል አስታውቋል። የፈረንሳይ ዜና አገልግሎት በጉዳዩ ላይ ለኢትዮጵያ ባለሥልጣናት ያቀረበው ጥያቄ ምላሽ እንዳላገኘ በዘገባው ጠቅሷል። የኢትዮጵያ መገናኛ ብዙኃን ባለሥልጣን ባልደረባ ስለ ጉዳዩ መረጃ እንደሌላቸው መናገራቸውን የፈረንሳይ ዜና አገልግሎት ዘግቧል። ሬውተርስ ከጥቂት ቀናት በፊት ለሱዳን ፈጥኖ ደራሽ ኃይሎች ታጣቂዎች በኢትዮጵያ ቤኒሻንጉል ጉምዝ ክልል ማሰልጠኛ መከፈቱን የሚዘግብ ሰፊ ሪፖርት አቅርቦ ነበር።ከሁለት ሣምንታት ገደማ በፊት ዋዜማ ራዲዮ “በኢትዮጵያ ያለውን የሥራ ፈቃድ” ከተቆጣጣሪው የመገናኛ ብዙኃን ባለሥልጣን በተሰጠው ትዕዛዝ እንደመለሰ ገልጾ ነበር። ባለፈው ታኅሳስ ወር የኢትዮጵያ መገናኛ ብዙኃን ባለሥልጣን የዶይቼ ቬለ ሁለት ዘጋቢዎችን ፈቃድ በቋሚነት ሰርዟል። የቢቢሲ ዘጋቢዎች ፈቃድ እንዳልታደሰ የፈረንሳይ ዜና አገልግሎት ዘግቧል።ኢትዮጵያ በሪፖርተርስ ዊዝአውት ቦርደርስ የጎርጎሮሳዊው 2025 ዓመታዊ ሪፖርት በፕሬስ ነጻነት ከ180 ሀገራት 145ኛ ደረጃ ላይ ትገኛለች።
ባሕርዳር ዙሪያ እስር ቤቱ ተሰበረ! …. ኮማንዶ ያለቀበት የሸዋው ውጊያ! …. የፋኖ ግስጋሴና የካድሬው ሽሽት,Konjit Sitotaw,"February 13, 2026",https://mereja.net/amharic/8263,
ስትራቴጅካዊ ወሳኝ ከተማዋን ለቆ ወጣ! …..  ደብረታቦር! ደደቢት! አፋር-ቡሬ! ሸዋሮቢት! ጉና!,Konjit Sitotaw,"February 13, 2026",https://mereja.net/amharic/8261,
የእስራኤል የመብት ተሟጋች ድርጅቶች፣ የአገሪቱ መንግሥት ኢትዮጵያዊያን ስደተኞችንና ጥገኝነት ጠያቂዎችን ወደ አገራቸው እንዳይመልስ ጠየቁ።,Konjit Sitotaw,"February 13, 2026",https://mereja.net/amharic/8259,የእስራኤል የመብት ተሟጋች ድርጅቶች፣ የአገሪቱ መንግሥት ኢትዮጵያዊያን ስደተኞችንና ጥገኝነት ጠያቂዎችን ወደ አገራቸው እንዳይመልስ ጠየቁ። የመብት ተሟጋች ድርጅቶቹ፣ በኢትዮጵያ ያለው የጸጥታ ሁኔታ ስደተኞች እና ጥገኝነት ጠያቂዎች እንዲመለሱ የሚያስችል አይደለም ማለታቸውን የእስራኤል ጋዜጦች ዘግበዋል። የአገሪቱ መንግሥት በሰሜን ኢትዮጵያው ጦርነት ወቅት ለጥገኝነት ጠያቂዎች የሠጠውን ጊዜያዊ ከለላ ከዓመት በፊት ማንሳቱን ተከትሎ፣ የመብት ተሟጋች ድርጅቶች ውሳኔውን በመቃወም ለአገሪቱ ከፍተኛ ፍርድ ቤት አቤቱታ አቅርበው ነበር። ፍርድ ቤቱ ግን መንግሥት ኢትዮጵያዊያኑን ስደተኞችና ጥገኝነት ጠያቂዎችን ከአገር ለማባረር ያሠለፈውን ውሳኔ እንደማያግድ መወሠኑ ይታወሳል። የአገሪቱ ባለሥልጣናት፣ የኢትዮጵያ የጸጥታ ሁኔታ ስደተኞችንና ጥገኝነት ጠያቂዎችን ለመመለስ የሚያስችል ሁኔታ ተሻሽሏል ማለታቸውን ዘገባዎቹ ጠቅሠዋል። የእስራኤል መንግሥት ኢትዮጵያዊያኑ ወደ አገራቸው እንዲመለሱ የሠጠው የአራት ወራት የጊዜ ገደብ በቀጣዩ ሚያዚያ 10 ይጠናቀቃል።
አዲስ አበባ የሚገቡ የውጭ ጋዜጠኞች በአማራ፣ ኦሮሚያ እና ትግራይ ሲካሄዱ ለቆዩና አሁንም በመካሄድ ላይ ለሚገኙ ግጭቶችና የድሮን ጥቃቶች ሽፋን እንዲሠጡ ጠየቀ።,Konjit Sitotaw,"February 13, 2026",https://mereja.net/amharic/8256,ኢሕአፓ፣ የአፍሪካ ኅብረት የመሪዎች ጉባኤን ለመዘገብ አዲስ አበባ የሚገቡ የውጭ ጋዜጠኞች በአማራ፣ ኦሮሚያ እና ትግራይ ሲካሄዱ ለቆዩና አሁንም በመካሄድ ላይ ለሚገኙ ግጭቶችና የድሮን ጥቃቶች ሽፋን እንዲሠጡ ጠየቀ። የውጭ ጋዜጠኞች ከአዲስ አበባ ውጭ በሚካሄዱ ግጭቶች ዙሪያ የተጣራ መረጃ እንዲሰበስቡ፣ በግጭቶች ጉዳት የደረሠባቸውን ወገኖች፣ የረድኤት ድርጅቶች ሠራተኞችንና ገለልተኛ ታዛቢዎችን እንዲያናግሩ የጠየቀው ፓርቲው፣ የውጭ ጋዜጠኞች እስር ቤት የሚገኙ የአገር ውስጥ ጋዜጠኞችን፣ ተቃዋሚ ፖለቲከኞችን፣ የሰብዓዊ መብት ተሟጋቾችንና ሲቪሎችን እንዲጎበኙም ጥሪ አድርጓል። ፓርቲው፣ የበርካታ ሲቪሎች ሠቆቃ በአፍሪካ ኅብረት መሪዎች ጉባዔ ተዳፍኖ እንዳይቀር የውጭ ጋዜጠኞች ሃላፊነት እንዳለባቸውም አሳስቧል።
ደብረጺዮን ገብረሚካኤል የአፍሪካ መሪዎች የፕሪቶሪያው የግጭት ማቆም ስምምነት መተግበር እንዳለበት በይፋ እንዲያረጋግጡ ጠየቁ,Konjit Sitotaw,"February 13, 2026",https://mereja.net/amharic/8254,የሕወሃት ሊቀመንበር ደብረጺዮን ገብረሚካኤል፣ ሰሞኑን በአፍሪካ ኅብረት ጽሕፈት ቤት ጉባኤ የሚያካሂዱ የአባል አገራት መሪዎች የፕሪቶሪያው የግጭት ማቆም ስምምነት “ሙሉ በሙሉ”፣ “በአፋጣኝ” እና “በቅን መንፈስ” መተግበር እንዳለበት በይፋ እንዲያረጋግጡ ጠየቁ። ደብረጺዮን፣ መሪዎቹ በግጭት ማቆም ስምምነቱ ፈራሚ ወገኖች መካከል “ቅርጽ ያለው ፖለቲካዊ ንግግር” እንዲጀመር የሚያስችሉ ርምጃዎች እንዲወስዱ፤ የአፍሪካ ኅብረት የግጭት ማቆም ስምምነቱ መቆጣጠሪያ፣ መከታተያና ማረጋገጫ ሥርዓት ተግባራዊ እንዲሆንና እንዲጠናከር እንዲሁም የትግራይ ሕገመንግሥታዊ ሥርዓት ወደነበረበት እንዲመለስ፣ ተፈናቃዮች ደኅንነታቸውን በሚያስጠብቅ አኳኋን ወደ ቀያቸው እንዲመለሱና ለሲቪሎች ጥበቃ እንዲደረግ የሚያስችሉ ሁኔታዎች እንዲፈጠሩ ድጋፍ እንዲያደርጉም ለኅብረቱ ኮሚሽን ሊቀመንበር ሞሃመድ የሱፍ እና ለኅብረቱ አባል አገራት መሪዎች ዛሬ በጻፉት ደብዳቤ ጠይቀዋል። አፍሪካ ኅብረት የግጭት ማቆም ስምምነቱን የመጠበቅ “የሕግ” እና “የሞራል” ሓላፊነት አለበት ያሉት ደብረጺዮን፣ በስምምነቱ አተገባበር ላይ የሚፈጠር “መዘግየት” እና “ብዥታ” ይበልጥ “አለመተማመን” እና “አለመረጋጋት” እየሠፋ እንዲሄድ ያደርጋል በማለት አስጠንቅቋል።
የአማራ ማህበር በአሜሪካ የመንግስት ሀይሎች ከትናንት ጀምሮ በተኮሷቸው ከባድ መሳርያዎች እና በአየር ድብደባ በንፁሀን ላይ ከፍተኛ ጉዳት ማስከተላቸውን አስታወቀ,Konjit Sitotaw,"February 13, 2026",https://mereja.net/amharic/8250,የአማራ ማህበር በአሜሪካ የመንግስት ሀይሎች ከትናንት ጀምሮ በተኮሷቸው ከባድ መሳርያዎች እና በአየር ድብደባ በንፁሀን ላይ ከፍተኛ ጉዳት ማስከተላቸውን አስታወቀ “በመኖሪያ ቤቶች እና በሕዝብ ትምህርት ቤቶች ላይ ከፍተኛ ውድመት አስከትሏል። በቀጠለው የበየነ መረብ መገናኛ መስተጓጎል ምክንያት የደረሰው ሞትና የንብረት ኪሳራ ትክክለኛ መጠን ሊረጋገጥ አልቻለም”- ማህበሩ ተጨማሪ ያንብቡ:https://www.meseretmedia.org/p/a9b
ምኒልክ ዕዝ ተወርዋሪ በላጎ ሻለቃ ለወራቶች የሰለጠኑ ኮማንዶ ፋኖዎችን አስመረቁ::,Konjit Sitotaw,"February 13, 2026",https://mereja.net/amharic/8248,ምኒልክ ዕዝ ተወርዋሪ በላጎ ሻለቃ ለወራቶች ያሰለጠኗቸውን በርካታ ምልምል ኮማንዶ ፋኖዎች ዛሬ የካቲት 5/2018 ዓ.ም በሃይማኖት አባቶችና በሃገር ሽማግሌዎች ምርቃን ታጅበው በደማቅ ሁኔታ አስመርቀዋል::ደሴ ከተማ ዙሪያ ወረዳ እና በተለያዩ የቤተ-አማራ አካባቢዎች በርካታ ተጋድሎዎችን እያደረጉ አመርቂ ድሎችን እያስመዘገቡ ያሉት የምኒልክ ዕዝ ተወርዋሪ በላጎ ሻለቃ አናብስቶች በትጥቅና በሰው ሃይል ራሳቸውን እያጠናከሩና እያደራጁ ይገኛሉ:: በቀጣይም ተጨማሪ ስልጠናዎችን በማካሄድ በእውቀትና በሰው ሃይል እንዲሁም በትጥቅ የበለጠ ራሳቸውን እንደሚያደራጁ የተወርዋሪ ሻለቃዋ አመራሮች ገልፀዋል::ከዚህ ጋር ተያይዞም አባቶች በተገኙበት ለወራቶች የሰለጠኑ ምልምል ኮማንዶ ፋኖዎችን በማስመረቅ የሰው ሃይላቸውን ያጠናከሩ ሲሆን በምርቃን ዝግጅቱ ላይ የተገኙ አባቶችም የአማራ ህዝብ የብዙ እሴቶች ባለቤት ነው እናንተ ልጆቻችንም ይሄንን እሴታችንን ተላብሳችሁ የህልውና ትግሉን ከዛሬ አድርሳችኋል ወደፊትም ይህንን ጠብቃችሁ ለድልና ነፃነት እንድታበቁን አደራ ጥለንባችኋል በማለት መልዕክት አስተላልፈዋል::ሰልጥነን እንዋጋለን፣ እየተዋጋን እንሰለጥናለን!©በአፋብን ምኒልክ ዕዝ ሕዝብ ግንኙነት መምሪያ!
ሙሉ ጎንደርን ተቆጣጠሩብን ( ብልጽግና ) ……  የባህርዳሩ ተጋድሎና አረጋ የተገኙበት ቦታ,Konjit Sitotaw,"February 13, 2026",https://mereja.net/amharic/8246,
የፋኖ ኃይሎች  በባሕር ዳር ዙሪያ,Konjit Sitotaw,"February 13, 2026",https://mereja.net/amharic/8243,
በመቐለ ከተማ የፈንጂ ፍንዳታ ተከስቶ ነበር,Konjit Sitotaw,"February 12, 2026",https://mereja.net/amharic/8252,የመቐለ ነዋሪ ተረጋግቶ አካባቢውን እንዲጠብቅ ጥሪ ተላለፈ። በመቐለ ከተማ ዛሬ የካቲት 5/2018 ዓ.ም ከምሽቱ 3:30 ሰዓት አከባቢ የፈንጂ ፍንዳታ ተከስቶ ነበር። በሰው እና በንብረት ላይ ያደረሰው ጉዳት የለም ተብሏል። ቲክቫህ ኢትዮጵያ መቐለ የተመለከተውና የከተማው ሰላምና ፀጥታ ፅ/ቤት ለመቐለ ኤፍ ኤም በሰጠው መረጃ፣ ምሽት 3:30 አካባቢ በዓዲ ሓቂ ክፍለ ከተማ መቐለ ዩኒቨርስቲ ዓዲ ሓቂ ካምፓስ ዙሪያ የፈንጂ ፍንዳታ ተከስቶ ነበር። በፍንዳታው የሰውም ይሁን የንብረት ጉዳት እንዳልደረሰ ተገልጿል። ” የፈነዳው ፈንጂ የመቐለ ከተማን ሰላምና ጸጥታ ለማናጋትና ሕዝቡን ለማሸበር ዓላማ ባላቸው የጥፋት ኃይሎች ሆን ተብሎ የተፈጸመ ነው ” ያለው ፅ/ቤቱ ” ጥቃቱ በሰውም ሆነ በንብረት ላይ ያደረሰው ምንም ዓይነት ጉዳት ባይኖርም፣ በፍንዳታው ድምፅ በርካታ ሕዝብ ተደናግጧል ” ሲል ገልጿል። ” ፍንዳታው የመቐለ ሕዝብን ለማሸበርና የየካቲት 11 በዓል በሰላም እንዳይከበር በሚፈልጉ ተላላኪዎች ሆን ተብሎ የተፈጸመ ነው ” ሲልም አክሏል። ” ከወራት በፊትም በተመሳሳይ ቦታ መሰል የሽብር ተግባር ተፈጽሞ ነበር ” ሲል አስታውሷል። ” ይህንን ድርጊት የፈጸሙ ፀረ-ሕዝብ ኃይሎችን በቁጥጥር ሥር ለማዋል የመቐለ ከተማ ፖሊስ ከሚመለከታቸው የጸጥታ አካላት ጋር በመተባበር በትኩረት እየሰራ  ነው ” ብሏል። ኅብረተሰቡ ተረጋግቶ አካባቢውን መጠበቅ እንዳለበት ያሳሰበው ፅ/ቤቱ ” ስለ ፍንዳታው አፈጻጸም እና ስለ ፈጻሚዎቹ የሚመለከት ዝርዝር ማጣራት ተጠናቆ ሲያልቅ ይፋ ይደረጋል ” ሲል አሳውቋል። ከቅርብ ጊዜ ወዲህ በትግራይ ያለው ሁኔታና በሚዲያዎች ላይ የሚፃፈው ሁሉ ነዋሪዎችን በእያንዳንዱ ነገር ስጋት ላይ የሚጥል ሆኗል። ክልሉ ካለፈው ደም አፋሳሽ ጦርነት ገና ያላገገመ ቢሆንም አሁንም የሚታየው የጦርነት መሰል ድባብ ለነዋሪዎች ጭንቀት እየፈጠረ ነው።
ያዲሳባ ውሾችና ቡችሎች እጣ ፈንታ🤔🙄😉| EthioNimation,Meheret Setegn,"February 12, 2026",https://mereja.net/amharic/8240,“ያዲሳባ ውሾችና ቡችሎች እጣ ፈንታ” ከ EthioNimation የተወሰደ። ውሾቹ እንማን እንደሆኑ ሲያውቁ በሳቅ ይነፍራሉ። አይ አብይ አህመድ ሲያልቅ አያምር….. ዳንኤል ክብረት ዘንዘሪጡ ለሆዱ ብሎ እራሱን የሸጠ አሁን የቀውጢው ጊዜ እየተቃረበ ነውና የት ትገባ ይሆን….  ምን ይውጠው ይሆን?
ከባድ ትንቅንቅ በባሕርዳር ዙሪያ …. የደብረታቦር የዛሬ ውሎና የፋኖ ድል …,Konjit Sitotaw,"February 12, 2026",https://mereja.net/amharic/8230,
ስትራቴጅካዊ ወሳኝ ከተማዋን ለቆ ወጣ! … ደብረታቦር! ደደቢት! አፋር-ቡሬ! ሸዋሮቢት! ጉና!,Konjit Sitotaw,"February 12, 2026",https://mereja.net/amharic/8228,
በርካታ መሣሪያዎች በፋኖ እጅ ገቡ! ……. በሰሜን ኢትዮጵያ አዳዲስ የድሮን መቆጣጠሪያዎች ተከፈቱ,Konjit Sitotaw,"February 12, 2026",https://mereja.net/amharic/8226,
የፋኖ ድል እና ከባዱ ውጊያ  …. በደብረ ታቦር የተፈጠረው,Konjit Sitotaw,"February 12, 2026",https://mereja.net/amharic/8224,
ግልገል ፋኖዎች በጎንደር….. ካቢኔውን ያገቱት ጀኔራል,Konjit Sitotaw,"February 12, 2026",https://mereja.net/amharic/8222,
ፋኖ “ባህርዳርን ከበናል፣የዙሪያዋን ከተሞች ይዘናል” | ከደብረታቦር ዝርዝር መረጃ!  | የአፋብን መግለጫ!,Konjit Sitotaw,"February 12, 2026",https://mereja.net/amharic/8219,
አቶ የሺዋስ አሰፋ ከአንድ ቀን እስር በኋላ ተፈቱ,Konjit Sitotaw,"February 12, 2026",https://mereja.net/amharic/8232,የኢትዮጵያ ሕዝባዊ አብዮታዊ ፓርቲ (ኢሕአፓ) ለቀጣዩ ምርጫ በዕጩነት ካዘጋጃቸው ተወዳዳሪዎች መካከል አንዱ የሆኑት አቶ የሺዋስ አሰፋ ከአንድ ቀን እስር በኋላ ተፈቱ። አቶ የሺዋስ ዛሬ ረቡዕ የካቲት 4፤ 2018 ከቀኑ 10 ሰዓት ገደማ ተፈትተው በስልክ እንዳነጋገሯቸው የኢሕአፓ ፕሬዝዳንት አቶ አብርሃም ሃይማኖት ለ“ኢትዮጵያ ኢንሳይደር” ተናግረዋል። በተለያዩ ተቃዋሚ የፖለቲካ ፓርቲዎች ውስጥ ለረዥም ጊዜ የፖለቲካ ተሳትፎ ያላቸው አቶ የሺዋስ በፖሊስ ቁጥጥር ስር የዋሉት፤ ትላንት ማክሰኞ ከቀኑ 8 ሰዓት ገደማ እንደነበር የኢሕአፓ የህዝብ ግንኙነት ኃላፊ አቶ ይስሀቅ ወልዳይ ለ“ኢትዮጵያ ኢንሳይደር ገልጸዋል። አቶ የሺዋስ የተያዙት ከመኖሪያ ቤታቸው ውጭ ባለ ስፍራ መሆኑን ኃላፊው አስረድተዋል። ፖሊስ ፖለቲከኛውን በቁጥጥር ስር ካዋለ በኋላ የአዲስ አበባ ፖሊስ ኮሚሽን ዋና መስሪያ ቤት ወደሚገኘው ሶስተኛ ፖሊስ ጣቢያ እንደወሰዳቸው ማረጋገጣቸውን ጉዳዩን ሲከታተሉ የቆዩት አቶ ይስሀቅ ተናግረዋል። ኢሕአፓ ዛሬ ረፋድ ላይ ባወጣው አጭር መግለጫ፤ በቅርቡ ፓርቲውን በተቀላቀሉት በአቶ የሺዋስ ላይ የተወሰደውን የእስር እርምጃ ተችቷል። የአቶ የሺዋስ እስር በሰላማዊ መንገድ የፖለቲካ እንቅስቃሴ በሚያደርጉ ዜጎች ላይ “በመንግስት እየደረሰ ያለውን አፈና” ከሚያሳዩ “ተቆጥረው የማያልቁ ድርጊቶች” ውስጥ አንዱ እንደሆነ ፓርቲው በመግለጫው ላይ አስፍሯል። የእስር እርምጃው መጪው ምርጫ “ነጻ፣ ፍትሀዊ እና ዴሞክራሲያዊ ይሆናል” ከተባለው “በተቃራኒ እንደሚሆን አመላካች ነው” ሲል ኢህአፓ ኮንኗል። ለአንድ ቀን በእስር ላይ የቆዩት አቶ የሺዋስ፤ ኢሕአፓ አባል የሆነበትን “ትብብር ለኢትዮጵያ አንድነት” የተሰኘ የፓርቲዎች ቅንጅት በመወከል በዘንድሮው ምርጫ ላይ ለመሳተፍ በዝግጅት ላይ ነበሩ። አቶ የሺዋስ በአዲስ አበባ ከተማ በሚገኝ የምርጫ ክልል ሊወዳደሩ መታጨታቸውን እና ለዚህም በምዝገባ ሂደት ላይ መሆናቸውን የኢሕአፓው ፕሬዝዳንት አቶ አብርሃም ለ“ኢትዮጵያ ኢንሳይደር” አረጋግጠዋል። 🔴ዝርዝር ዘገባውን ለማንበብ ➡️https://ethiopiainsider.com/2026/17394/
ደብረታቦር ዙሪያ ከድሮን ጋር ግብግብ! … ወታደሩ እርስ በእሩ ተጫረሰ! … አዛዡ ተገደለ/ ዙ23 ወደመ! ….,Konjit Sitotaw,"February 12, 2026",https://mereja.net/amharic/8217,
ፋኖ በርዕሰ መዲናዋ ባሕርዳር! … ወታደሮቹ ደብረታቦር ላይ አለቁ,Konjit Sitotaw,"February 12, 2026",https://mereja.net/amharic/8215,
አስረኞች አመለጡ! ተከታታይ አየር ድብደባ ተፈጸመ!  …. ሜካናይዝድ ተመልሶ ገባ!,Konjit Sitotaw,"February 12, 2026",https://mereja.net/amharic/8213,
ብልፅግና ሮይተርስ ላይ ዕርምጃ,Konjit Sitotaw,"February 12, 2026",https://mereja.net/amharic/8211,
ጦርነት፤ ባህርዳርና ደብረታቦር፣ የዐቢይ እንግዳና ማስጠንቀቂያው፣ “እየለቃቀምን ነው“ መከላከያ፣ የድሮን ድብደባው,Konjit Sitotaw,"February 12, 2026",https://mereja.net/amharic/8209,
የሳተላይት ማስረጃው ያጋለጠው የጀኔራሉ ካምፕ,Konjit Sitotaw,"February 12, 2026",https://mereja.net/amharic/8207,
የአዲስ አበባው የእስር ዘመቻ,Konjit Sitotaw,"February 12, 2026",https://mereja.net/amharic/8205,
ፋኖ ባሕር ዳር ዙርያን ተቆጣጠረ  …. በደብረ ታቦር ውጊያ 11 ጊዜ የድሮን ድብደባ,Konjit Sitotaw,"February 12, 2026",https://mereja.net/amharic/8202,
ፋኖ በደብረታቦር ታሪክ ሰራ …. የባህርዳሩ ውጊያ,Konjit Sitotaw,"February 12, 2026",https://mereja.net/amharic/8200,
